01 LACHA,000001,F,3775.0,2500.0,1550.0,1800.0,13.0
02 LACHA,000002,L,10000.0,7500.0,6666.6666670000004,7500.0,0.0
03 LACHA,000003,L,5500.0,3500.0,3666.666667,4125.0,0.0
04 LACHA,000004,L,6500.0,3200.0,4333.3333329999996,4875.0,0.0
05 LACHA,000005,L,6000.0,3800.0,4000.0,4500.0,-1.0
06 LACHA,000006,L,6000.0,3000.0,4000.0,4500.0,0.0
07 LACHA,000007,L,9000.0,4500.0,6000.0,6750.0,-1.0
08 LACHA,000008,L,13000.0,6500.0,8666.6666669999995,9750.0,-1.0
09 LACHA,000009,L,11000.0,5500.0,7333.3333329999996,8250.0,-2.0
10 LACHA,000010,L,10000.0,5000.0,6666.6666670000004,7500.0,0.0
11 LACHA,000011,L,6500.0,3250.0,4333.3333329999996,4875.0,0.0
12 LACHA,000012,L,8400.0,4200.0,5600.0,6300.0,0.0
13 LACHA,000013,L,8000.0,4000.0,5333.3333329999996,6000.0,0.0
14 LACHA,000014,L,15000.0,7500.0,10000.0,11250.0,0.0
15 LACHA,000015,L,8400.0,4200.0,5600.0,6300.0,0.0
3 Pcs,0002848,C,0.0,0.0,0.0,0.0,0.0
7 Clouds,001556,T,1350.0,1200.0,900.0,1012.5,-2.0
Aaj Tak VC,000016,S,458.0,420.0,305.33333329999999,343.5,0.0
AARJU BHUMI,000017,S,653.0,550.0,435.33333329999999,489.75,0.0
Aarohi,001574,S,1260.0,1150.0,840.0,945.0,0.0
Aarti Turkish Towel,002288,General,61.0,60.0,40.670000000000002,50.0,553.0
Aatish,001697,S,2527.5,2250.0,1685.0,1895.625,0.0
Abc Karma,001601,S,382.0,300.0,254.66666670000001,286.5,-2.0
ABC Rutba,002098,C,450.0,400.0,300.0,337.5,0.0
Activa Astar,000018,General,30.0,25.0,20.0,23.5,4281.0
AF DURANDHAR,0002983,CS,570.0,500.0,380.0,415.0,0.0
AF GALAXY,0002985,CS,570.0,500.0,380.0,405.0,0.0
AF GULZAR,0002981,CS,525.0,500.0,350.0,380.0,0.0
AF MAUSAM,0002980,CS,592.5,500.0,395.0,425.0,1.0
AF NEW MOONLIGH,0002982,CS,555.0,500.0,370.0,400.0,4.0
AF NEW RAJBHOG,0002984,CS,622.5,550.0,415.0,450.0,0.0
Af Sana,002051,S,697.5,600.0,465.0,523.125,3.0
AFSANA,000019,S,652.0,550.0,434.66666670000001,489.0,0.0
Agarwal Pure Cotton Dupatta Printed,000020,General,57.0,50.0,38.0,42.75,0.0
Agarwal Pure Cotton Dupatta Printed Two,000021,General,57.0,50.0,0.0,0.0,0.0
Agarwal Slub Cotton Vintage Type,000022,S,308.0,250.0,205.33333329999999,231.0,0.0
Ahd Chiffon Dupatta,002310,CS,492.0,450.0,328.0,370.0,8.0
AHD PC COTTON,0002861,CS,295.5,250.0,197.0,225.0,24.0
Ahd Reyon Dupatta,002289,CS,592.5,550.0,395.0,430.0,-4.0
Aheri Dupatta,000342,Dupatta,42.520000000000003,40.0,31.5,36.0,1141.0
Airtel Pari Fab,000023,S,795.0,650.0,530.0,596.25,0.0
Akanksha Print,000024,S,775.0,650.0,516.66666669999995,581.25,0.0
Akasa KC,000025,S,1780.0,1600.0,1186.666667,1335.0,0.0
Al Minah Heavy XL,002336,Makhna,330.0,300.0,220.0,250.0,6.0
Al Minah Xl Maknah,002337,Makhna,345.0,300.0,230.0,260.0,6.0
Al Minah XL Sada,002338,Makhna,292.5,260.0,195.0,220.0,0.0
Alia Masti,000026,S,480.0,350.0,320.0,360.0,0.0
Alina 1,002040,T,2925.0,2600.0,1950.0,2193.75,-4.0
Alina 2,002041,T,3052.5,2750.0,2035.0,2289.375,-2.0
Alina 3,002042,T,2992.5,2700.0,1995.0,2244.375,-1.0
ALINA 4,001988,CS,2992.5,2700.0,1995.0,2244.375,0.0
Alina Jack 2,002099,T,3052.5,2700.0,2035.0,2289.375,-2.0
Alina Jacket 1,002100,T,3082.5,2750.0,2055.0,2311.875,0.0
Aliya Masti,000027,S,480.0,350.0,320.0,360.0,0.0
Alplain Bigboss,0002679,CS,450.0,400.0,300.0,325.0,0.0
Amazon,001698,S,2527.5,2300.0,1685.0,1895.625,-4.0
AMD Bottom Work,000028,CS,397.5,350.0,265.0,300.0,0.0
AMD Plain,000029,S,0.0,200.0,0.0,0.0,0.0
AMD WORK,000030,S,259.5,200.0,175.0,195.0,-21.0
Anamika GK,000031,S,1065.0,900.0,710.0,798.75,0.0
Anika SNT,000033,S,612.0,550.0,408.0,459.0,0.0
Anjumi Jam Tai,001806,S,667.5,600.0,445.0,500.625,0.0
Anjumi Khathi,001807,S,780.0,700.0,520.0,585.0,0.0
ANOKHI,000034,S,532.0,500.0,354.66666670000001,399.0,0.0
Anusha,001699,S,967.5,850.0,645.0,725.625,0.0
Archies,000035,S,458.0,400.0,305.33333329999999,343.5,0.0
ARNIMA 1281,0003154,T,1875.0,1400.0,1250.0,1350.0,2.0
ARNIMA 1302,0003156,T,1882.5,1400.0,1255.0,1350.0,3.0
ARNIMA 1333,0003155,T,2032.5,1500.0,1355.0,1430.0,0.0
Arnima 1383,0003186,P,1755.0,1300.0,1170.0,1250.0,4.0
Arnima 1392,0003185,P,1950.0,1500.0,1300.0,1400.0,4.0
Arnima 1591,0003184,P,1882.5,1450.0,1255.0,1350.0,4.0
AST HEENA,0003009,CS,585.0,450.0,390.0,450.0,11.0
AUDI CLOTH,0002902,KAPDA,0.0,30.0,0.0,0.0,-5.0
AVNEE 218,0003126,T,1500.0,1200.0,1000.0,1100.0,1.0
AVNEE 251,0003127,T,1755.0,1500.0,1170.0,0.0,2.0
AVNEE 253,0003125,T,1882.5,1500.0,1255.0,1375.0,3.0
Ayat Suit,0003204,S,780.0,620.0,520.0,550.0,4.0
Baby Silk Lump,000037,S,35.25,30.0,23.5,26.4375,0.0
Balma SVT,000038,S,885.0,700.0,590.0,663.75,0.0
Bani Thani rubiya,0003073,General,30.0,30.0,20.0,25.0,1252.5
BARKHA,0002806,S,690.0,600.0,460.0,490.0,0.0
Barsaat diksha,000039,S,623.0,600.0,415.33333329999999,467.25,0.0
BB Shah,000040,S,285.0,250.0,190.0,213.75,0.0
BB Shah Prema,000041,S,315.0,300.0,210.0,236.25,0.0
Bhagya Laxmi Alfino,002052,CS,600.0,550.0,400.0,450.0,2.0
Bharti Om,000042,S,1050.0,950.0,700.0,787.5,0.0
Bhavri GF,000043,S,683.0,600.0,455.33333329999999,512.25,0.0
Bhumi Alankar,000044,S,730.0,650.0,486.66666670000001,547.5,0.0
Bhumi Bandhan,000045,S,495.0,440.0,330.0,371.25,0.0
BHUMI BAZIGAR,000046,S,510.0,450.0,340.0,382.5,0.0
Bhumi Chhabili,001979,S,652.5,600.0,435.0,489.375,0.0
Bhumi Farida,000047,S,940.0,800.0,626.66666669999995,705.0,0.0
Bhumi Mastani,000048,S,750.0,650.0,500.0,562.5,0.0
BHUMI PALAK,000049,S,540.0,490.0,360.0,405.0,0.0
Bhumi Rajkumari,001906,S,780.0,700.0,520.0,585.0,0.0
Bhumi Sahnaaj,001907,S,780.0,700.0,520.0,585.0,0.0
Bhumi Super Star,001908,S,682.5,600.0,455.0,511.875,2.0
Bhumi Sweet Look,000050,S,940.0,800.0,626.66666669999995,705.0,0.0
Bhumi Zoomer,000051,S,795.0,700.0,530.0,596.25,0.0
Black Bery,000052,S,652.0,600.0,434.66666670000001,489.0,0.0
BLACK DRESS,000053,S,0.0,400.0,350.0,0.0,2.0
Blouse,000054,General,0.0,10.0,0.0,0.0,-37.0
BMW GK,000055,S,878.0,750.0,585.33333330000005,658.5,0.0
BMW Plain,000056,KAPDA,32.25,30.0,21.5,24.0,3177.1500000000001
Bobby Jasoos,000057,S,405.0,330.0,270.0,303.75,0.0
Boby Jasoos,000058,S,405.0,330.0,270.0,303.75,0.0
Britannia GK,000059,S,878.0,750.0,585.33333330000005,658.5,0.0
Burj Khalifa,001575,P,1950.0,1750.0,1300.0,1462.5,0.0
Butter Paneer,000060,S,855.0,700.0,570.0,641.25,-1.0
Campus,001576,S,750.0,650.0,500.0,562.5,0.0
Camric Duptta,002339,Dupatta,165.0,150.0,110.0,125.0,-2.0
Car Advance,001962,F,0.0,0.0,0.0,0.0,0.0
Chahat Jaam Mix,002247,CS,412.5,350.0,275.0,305.0,158.0
Chahat Jaam Mix 01,002266,CS,750.0,650.0,275.0,305.0,-27.0
Chahat Jaam Mix 02,002267,CS,650.0,550.0,275.0,305.0,-16.0
Chahat Jaam Mix 03,002270,CS,600.0,450.0,275.0,0.0,-7.0
Chaka Chak JF,000061,S,595.0,500.0,396.66666670000001,446.25,0.0
Chhabra Super Star,000062,S,563.0,400.0,375.33333329999999,422.25,0.0
Chhabra Welcome,000063,S,653.0,550.0,435.33333329999999,489.75,0.0
Chicken CD,002101,C,570.0,500.0,380.0,427.5,0.0
CHIKNA KAPDA,000064,General,0.0,30.0,0.0,0.0,-46.25
Chikni Chameli,000065,S,487.0,450.0,324.66666670000001,365.25,0.0
CHITRA,0002595,S,592.5,500.0,395.0,425.0,3.0
CHUNRI,000066,S,525.0,450.0,350.0,393.75,0.0
Classic,000067,S,570.0,500.0,380.0,427.5,0.0
CM palazzo MT,000068,S,820.0,750.0,546.66666669999995,615.0,0.0
Coconut,000069,S,570.0,500.0,380.0,427.5,0.0
Cotton 150 Wala,001976,S,200.0,150.0,133.33000000000001,150.0,-34.0
Cotton 2.25 Dupatta,002158,Dupatta,136.08000000000001,120.0,90.0,120.0,10.0
Cotton 2.25 Dupatta BLACK,002273,Dupatta,127.0,120.0,90.0,110.0,25.0
Cotton 2.25 Dupatta WHITE,002274,Dupatta,127.0,120.0,90.0,110.0,13.0
Cotton Dupatta Pure Printed,000070,General,60.0,50.0,40.0,45.0,0.0
COTTON SUITE,000071,S,0.0,0.0,0.0,0.0,0.0
Crazy Bite,001577,T,1425.0,1300.0,950.0,1068.75,1.0
CRAZY COLOURS,0003149,S,660.0,530.0,440.0,470.0,15.0
Cross Pattern Plazo,001909,P,2650.0,2350.0,1766.666667,1987.5,0.0
Crunchy,000072,S,0.0,0.0,0.0,0.0,0.0
Crunchy 0001,001964,S,1725.0,1550.0,1150.0,1293.75,0.0
CRUNCHY BITS,0002680,OS,877.5,750.0,585.0,605.0,0.0
Cruncy 0002,001965,S,1927.5,1700.0,1285.0,1445.625,0.0
CRZY RASHMIKA,0003099,T,855.0,570.0,475.0,515.0,5.0
CTN CLOTH,000073,S,0.0,40.0,0.0,0.0,0.0
Ctn Meter Cloth,001881,General,80.0,40.0,53.333333330000002,60.0,-2.0
Darjiling GK,000075,S,880.0,750.0,586.66666669999995,660.0,0.0
Dastar,000076,General,0.0,100.0,0.0,0.0,0.0
Deepak Sona Chandi,002248,S,487.5,450.0,325.0,355.0,-7.0
DEEPIKA RIM JHIM,0002995,S,570.0,500.0,380.0,430.0,7.0
DEEPIKA RIMZIM,0002988,S,570.0,500.0,380.0,405.0,-1.0
Deposit,000077,General,0.0,0.0,0.0,0.0,0.0
Desai Angel,000078,S,318.0,260.0,212.0,238.5,0.0
Desai Charmi,000079,S,308.0,250.0,205.33333329999999,231.0,0.0
Desai Mehbuba,000080,S,323.0,260.0,215.33000000000001,242.25,1.0
Desai Rasgulla,000081,S,330.0,250.0,220.0,247.5,0.0
Desai Shamita,000082,S,323.0,260.0,215.33333329999999,242.25,0.0
Desai Surbhi,000083,S,318.0,260.0,212.0,238.5,0.0
Desai Varsha,000084,S,318.0,260.0,212.0,238.5,0.0
Desai Yogita,000085,S,313.0,250.0,208.66666670000001,234.75,0.0
Desai Zoya,000086,S,308.0,350.0,205.33333329999999,231.0,0.0
Devika,000087,S,780.0,650.0,520.0,585.0,0.0
DF MAGIC,000088,S,555.0,500.0,370.0,416.25,0.0
DF SAKHI SAHELI,000089,S,555.0,500.0,370.0,416.25,0.0
Dipka Magic,000091,S,0.0,0.0,0.0,0.0,0.0
DIPKA SAKHI SAHELI,000092,S,0.0,0.0,0.0,0.0,0.0
Disha IPL,000093,S,640.0,550.0,426.66666670000001,480.0,0.0
DIVYA KARISHMA,0002891,CD,660.0,600.0,440.0,480.0,8.0
DIVYA SNAPCHAT,000094,S,0.0,250.0,0.0,0.0,0.0
Dorinier,002241,Gents,170.0,150.0,70.0,100.0,17.0
DTS AIZAL,001521,S,615.0,550.0,410.0,461.25,0.0
DTS ASIFFA,000095,S,637.0,550.0,424.66666670000001,477.75,0.0
DTS RUKSHAR,000096,S,622.0,550.0,414.66666670000001,466.5,0.0
DUA YASHIKA,0002841,CC,630.0,500.0,420.0,440.0,1.0
Dubai Special,000097,S,900.0,750.0,600.0,675.0,0.0
DUPATTA,000098,General,70.0,60.0,46.670000000000002,52.5,-106.0
Durga,000099,S,150.0,150.0,100.0,112.5,0.0
Eena,000100,S,1330.0,1100.0,886.66666669999995,997.5,0.0
EID SPECIAL,0003240,P,2145.0,1700.0,1430.0,1520.0,3.0
Elios,001700,S,2085.0,1850.0,1390.0,1563.75,0.0
Ena,000101,S,1330.0,1100.0,886.66666669999995,997.5,0.0
Eva Simon,002102,S,795.0,700.0,530.0,596.25,1.0
Eva Vanrtara,002103,S,795.0,700.0,530.0,596.25,2.0
Fifa GF,000102,S,780.0,700.0,520.0,585.0,0.0
FIRDOS METER,002249,S,57.0,50.0,38.0,45.0,72.0
Firdous To Firdous,000103,S,960.0,800.0,640.0,720.0,0.0
Fire SNT,000104,S,615.0,550.0,410.0,461.25,0.0
Firebolt,000105,S,0.0,0.0,0.0,0.0,0.0
FISH,000106,S,1250.0,1050.0,833.33333330000005,937.5,0.0
Five Star Sweet Choice Pakistani Suit,000107,S,938.0,850.0,625.33333330000005,703.5,0.0
Frock,000108,General,0.0,0.0,0.0,0.0,-1.0
G 35,000109,S,0.0,350.0,0.0,0.0,0.0
G30,000110,S,0.0,300.0,0.0,0.0,0.0
G35,000111,S,0.0,350.0,0.0,0.0,0.0
G50,000112,S,0.0,500.0,0.0,0.0,1.0
G55,000113,S,650.0,550.0,433.33333329999999,487.5,0.0
GAA Jaam,000114,S,735.0,650.0,490.0,551.25,0.0
Gadar,000115,T,1275.0,1150.0,850.0,956.25,-2.0
Gadar pant trouser,000116,T,1345.0,999.0,896.66666669999995,1008.75,0.0
Gadar Pent,001701,T,1245.0,1100.0,830.0,933.75,0.0
Gadar-2,000117,S,1350.0,1200.0,900.0,1012.5,0.0
Galaxy Fashion GF Dupatta,002242,Dupatta,153.0,140.0,102.5,115.0,225.0
GANESHJI FATEMA',0003226,CC,382.5,330.0,255.0,300.0,8.0
GANESHJI GUZAARISH,0003225,CC,382.5,330.0,255.0,300.0,8.0
GARARA,000118,G,0.0,0.0,0.0,0.0,-2.0
GARIMA AASMA,0003162,CS,337.5,300.0,225.0,250.0,20.0
GARIMA devi,002290,CS,600.0,550.0,400.0,425.0,14.0
GARIMA HEENA,0003136,CS,697.5,550.0,465.0,515.0,0.0
GARIMA HIRA,002206,CS,510.0,450.0,340.0,365.0,-1.0
GARIMA JHIL MIL,002197,CS,375.0,350.0,250.0,285.0,19.0
GARIMA KISS MISS,0003148,CS,697.5,560.0,465.0,500.0,33.0
GARIMA LAL PARI,002207,CS,510.0,450.0,340.0,365.0,0.0
GARIMA QUEEN,002208,CS,510.0,450.0,340.0,365.0,1.0
Garima Rani,002198,CS,540.0,500.0,360.0,400.0,1.0
Garima Rashmalai,000119,S,405.0,370.0,270.0,303.75,0.0
GARIMA SHEHNAZ,000120,S,0.0,0.0,0.0,0.0,0.0
GARIMA SWISS,0003133,CS,697.5,560.0,465.0,500.0,3.0
GARIMA VELVET,0002670,VELVET SUIT,615.0,550.0,410.0,440.0,11.0
GARIMA VELVET ZARKAN,0002671,VELVET SUIT,690.0,600.0,465.0,490.0,2.0
GARIMA ZUBEIDA,002233,CS,375.0,350.0,250.0,285.0,-7.0
GARMIA GULZAR 6886,000121,S,540.0,500.0,360.0,405.0,0.0
GARMIA GULZAR 8313,000122,S,540.0,500.0,360.0,405.0,0.0
GARMIA GULZAR 8325,000123,S,540.0,500.0,360.0,405.0,0.0
GARMIA GULZAR 8338,000124,S,540.0,500.0,360.0,405.0,0.0
GARMIA GULZAR 8381,000125,S,540.0,500.0,360.0,405.0,0.0
GARMIA GULZAR 8443,000126,S,540.0,500.0,360.0,405.0,0.0
GC Bisleri,000127,S,637.0,550.0,424.66666670000001,477.75,0.0
GC Freedom Farshi Sharara,000128,G,3000.0,2550.0,2000.0,2250.0,0.0
GC Haier,000129,General,3150.0,2650.0,2100.0,2362.5,0.0
GC Kamna,000130,S,637.0,550.0,424.66666670000001,477.75,0.0
GC Lemon,000131,S,3075.0,2550.0,2050.0,2306.25,0.0
GC Priyagold,000132,S,637.0,550.0,424.66666670000001,477.75,0.0
GENTS SUITE,000133,S,0.0,0.0,0.0,0.0,0.0
GEROJET CLOTH,000134,S,0.0,30.0,0.0,0.0,0.0
GF aafreen,000135,S,900.0,800.0,600.0,675.0,-1.0
GF AARDHYA,000136,S,895.0,800.0,596.66999999999996,671.25,1.0
GF Ahuja,000137,S,999.0,900.0,666.0,749.25,0.0
GF All in One,000138,S,953.0,850.0,635.33333330000005,714.75,0.0
GF ALL IS WELL,000139,S,0.0,750.0,0.0,0.0,0.0
GF amber,000140,S,810.0,730.0,540.0,607.5,0.0
GF Angoori,000141,S,1005.0,850.0,670.0,753.75,0.0
GF Anju,000142,S,878.0,780.0,585.33333330000005,658.5,0.0
GF Anokhi,000143,S,817.0,600.0,544.66999999999996,612.75,0.0
GF Apney,001578,S,997.0,900.0,664.66666669999995,747.75,0.0
GF Army Braso,000144,S,975.0,850.0,650.0,731.25,0.0
GF AUDI,0002975,S,1027.5,800.0,685.0,765.0,2.0
Gf Babli,000145,S,595.0,500.0,396.66666670000001,446.25,0.0
GF Badam Shek,000146,S,1100.0,900.0,733.33333330000005,825.0,0.0
GF Bagban,000147,S,1028.0,850.0,685.33333330000005,771.0,0.0
Gf Bale Bale,000148,S,775.0,700.0,516.66666669999995,581.25,0.0
GF Bawaal,000149,S,1050.0,900.0,700.0,745.0,0.0
GF Betab,000150,S,1065.0,950.0,710.0,798.75,0.0
GF BHAI JAAN,000151,S,900.0,700.0,600.0,675.0,0.0
GF Boat,000152,S,700.0,630.0,466.66666670000001,525.0,0.0
GF Caliber,001579,S,1050.0,950.0,700.0,787.5,-1.0
GF Center Fresh,000153,S,862.0,780.0,574.66666669999995,646.5,0.0
GF CHINGARI,000154,S,900.0,650.0,600.0,675.0,1.0
GF CINEMEX,000155,S,1050.0,750.0,700.0,787.5,0.0
GF City Plus,000156,S,878.0,650.0,585.33000000000004,658.5,1.0
GF Cobra,000157,S,690.0,620.0,460.0,517.5,0.0
GF COTTON CHICKEN,002250,CS,420.0,400.0,280.0,310.0,48.0
GF DANCER,0003331,S,1050.0,850.0,700.0,750.0,4.0
GF Darshana,000158,S,1020.0,920.0,680.0,765.0,0.0
GF DHARA,000159,S,1065.0,850.0,710.0,798.75,0.0
GF Dhun,001580,S,1027.0,900.0,684.66666669999995,770.25,0.0
GF Dream,000160,S,750.0,680.0,500.0,562.5,0.0
GF DREAM 11,000161,S,750.0,680.0,500.0,562.5,0.0
GF Dyana,000162,S,990.0,890.0,660.0,742.5,0.0
GF Faridha,000163,S,832.0,750.0,554.66666669999995,624.0,0.0
GF Forever,000164,S,840.0,750.0,560.0,630.0,0.0
GF Fuljhadi,000165,S,750.0,680.0,500.0,562.5,0.0
GF GAYTRI,0002652,CS,675.0,600.0,450.0,490.0,2.0
GF Genius,000166,S,735.0,600.0,490.0,551.25,0.0
GF Glamour,000167,S,1090.0,750.0,726.66999999999996,817.5,1.0
Gf Glorious,000168,S,975.0,900.0,650.0,731.25,0.0
GF GOWN SHADED,0002921,Gown,2685.0,2400.0,1790.0,2000.0,4.0
GF Green city,000169,S,960.0,870.0,640.0,720.0,0.0
GF Gun Gun,000170,CS,682.5,550.0,455.0,490.0,6.0
GF Gungun,000171,S,990.0,850.0,660.0,742.5,0.0
GF Hanspriya,000172,S,1120.0,1010.0,746.66666669999995,840.0,0.0
GF Hatim,000173,S,820.0,600.0,546.66999999999996,615.0,1.0
GF Hayat,000174,S,955.0,850.0,636.66666669999995,716.25,0.0
GF Heer Ranjha,000175,S,878.0,780.0,585.33333330000005,658.5,0.0
GF Hemani,000176,S,855.0,760.0,570.0,641.25,0.0
GF Hetal,000177,S,870.0,750.0,580.0,652.5,0.0
GF Hunger,000178,S,1015.0,850.0,676.66666669999995,761.25,0.0
GF Ishq,000179,S,1028.0,850.0,685.33333330000005,771.0,0.0
GF Jalebi,000180,S,953.0,850.0,635.33333330000005,714.75,0.0
GF Janam,000181,S,953.0,850.0,635.33333330000005,714.75,0.0
GF Jannat,000182,S,1043.0,940.0,695.33333330000005,782.25,0.0
GF JASSI,000183,S,1065.0,850.0,710.0,798.75,0.0
GF JHALAK,000184,S,0.0,0.0,0.0,0.0,0.0
GF JHUMAR,0003195,S,1192.5,950.0,795.0,830.0,4.0
GF JILANI,0002976,S,1027.5,900.0,685.0,765.0,4.0
GF Joker,000185,S,1028.0,850.0,685.33333330000005,771.0,0.0
Gf Jungal Book Rogi,0003330,S,1050.0,850.0,700.0,750.0,4.0
GF kaju,000186,S,780.0,700.0,520.0,585.0,0.0
GF Kalyan,000187,S,1005.0,900.0,670.0,753.75,0.0
GF Kantra,000188,S,1028.0,900.0,685.33333330000005,771.0,0.0
GF Kashmiri Queen,001581,S,997.0,900.0,664.66999999999996,747.75,-1.0
GF Kathakali,000189,S,1065.0,850.0,710.0,798.75,0.0
GF KHUSHI,0003192,S,1140.0,850.0,760.0,800.0,3.0
GF KING,0002643,CS,945.0,850.0,630.0,680.0,0.0
GF Kites,000190,S,750.0,680.0,500.0,562.5,0.0
Gf Kusum,000191,S,1100.0,950.0,733.33333330000005,825.0,0.0
GF LEFT AND RIGHT,000192,S,920.0,820.0,613.33333330000005,690.0,0.0
GF Liza,000193,S,878.0,780.0,585.33333330000005,658.5,0.0
GF Luxury,000194,S,990.0,900.0,660.0,742.5,0.0
GF Magic Box,000195,S,690.0,600.0,460.0,517.5,0.0
GF Mahi,000196,S,487.0,450.0,324.66666670000001,365.25,0.0
GF MAJIDA,0002977,S,1027.5,800.0,685.0,725.0,1.0
GF Mam Saab,000197,S,1030.0,860.0,686.66666669999995,772.5,0.0
GF Manchali,001582,S,1140.0,1000.0,760.0,855.0,0.0
GF mango bite,000198,S,615.0,550.0,410.0,461.25,1.0
GF MEERA,0003068,S,1027.5,850.0,685.0,750.0,4.0
GF Milk Cake,000199,S,1100.0,900.0,733.33333330000005,825.0,0.0
GF Mitu,000200,S,878.0,780.0,585.33333330000005,658.5,0.0
Gf Money Plan,000201,S,750.0,650.0,500.0,562.5,0.0
GF Mustari,000202,S,953.0,850.0,635.33333330000005,714.75,0.0
GF Namkin,000203,S,775.0,700.0,516.66666669999995,581.25,0.0
GF NenTara,000204,S,1005.0,900.0,670.0,753.75,0.0
GF Nikhar,000205,S,1060.0,900.0,706.66666669999995,795.0,0.0
GF NOVELTY,000206,S,757.0,700.0,504.66666670000001,567.75,0.0
GF PALAK,0003332,S,945.0,750.0,630.0,675.0,4.0
GF PANJABI KUDI,0003070,S,1027.5,780.0,685.0,720.0,1.0
GF Parrot,000207,S,1005.0,850.0,670.0,753.75,0.0
GF Pepsi,000208,S,1030.0,900.0,686.66666669999995,772.5,0.0
GF PINEAPPLE,000209,S,975.0,850.0,650.0,731.25,0.0
GF PREM,0003069,S,1110.0,830.0,740.0,780.0,8.0
GF RAJ DHANI,000210,S,960.0,850.0,640.0,720.0,0.0
GF RAJ MAHEL,0003137,CS,592.5,500.0,395.0,425.0,8.0
GF RAMBO,000211,S,825.0,740.0,550.0,618.75,0.0
GF Raseeda,000212,S,1028.0,850.0,685.33333330000005,771.0,0.0
GF Rayna,000213,S,880.0,790.0,586.66666669999995,660.0,0.0
GF RESHAM,0003016,S,1027.5,800.0,685.0,740.0,6.0
Gf Reshma,000074,S,875.0,700.0,680.0,0.0,1.0
GF ROCK,0002937,CS,690.0,560.0,460.0,500.0,5.0
GF Rock Star,000214,S,825.0,750.0,550.0,618.75,0.0
GF Royal Enfield,000215,S,990.0,850.0,660.0,742.5,0.0
GF Royalty,000216,S,1223.0,980.0,815.33333330000005,917.25,0.0
GF Rukmani,001583,S,945.0,850.0,630.0,708.75,0.0
GF Ruksana,000217,S,990.0,890.0,660.0,742.5,0.0
GF RUSIDA,0002924,P,2452.5,1850.0,1635.0,1750.0,28.0
GF SADAK,001557,S,1087.0,980.0,724.66666669999995,815.25,0.0
GF Safari,000218,S,1065.0,950.0,710.0,798.75,0.0
GF Sahira,000219,S,1375.0,1100.0,916.66666669999995,1031.25,0.0
GF SAMEERA,0003194,S,1050.0,800.0,700.0,750.0,8.0
GF SANVI,0002936,CS,675.0,550.0,450.0,490.0,10.0
GF SEJAL,000220,S,772.0,700.0,514.66666669999995,579.0,0.0
GF Setu,000221,S,1030.0,900.0,686.66666669999995,772.5,0.0
GF SHADED HEAVY GOWN,0002967,G,2925.0,2400.0,1950.0,2050.0,4.0
GF Shefali,000222,S,622.0,550.0,414.66666670000001,466.5,0.0
GF Shilpa,000223,S,775.0,700.0,516.66666669999995,581.25,0.0
GF Ship,000224,S,1045.0,940.0,696.66666669999995,783.75,0.0
GF Shringar,000225,S,750.0,680.0,500.0,562.5,0.0
GF Sky,000226,S,990.0,850.0,660.0,742.5,0.0
GF Snapchat,000227,S,750.0,650.0,500.0,562.5,0.0
GF SOFIYA,0003193,S,1050.0,800.0,700.0,750.0,4.0
GF Sohile,001584,S,1297.0,1150.0,864.66666669999995,972.75,0.0
Gf Sona hi Sona,000228,S,865.0,800.0,576.66666669999995,648.75,0.0
GF Sufiyna,001585,S,1027.0,900.0,684.66999999999996,770.25,0.0
GF Suger,000229,S,1015.0,850.0,676.66666669999995,761.25,-1.0
GF SUI DHAGA,0002939,S,1027.5,900.0,685.0,735.0,4.0
GF Sujata,000230,S,940.0,845.0,626.66666669999995,705.0,0.0
GF Super Deluxe,001586,S,945.0,700.0,630.0,708.75,1.0
GF Sweet Look,000231,S,1180.0,980.0,786.66666669999995,885.0,0.0
GF Tajmahal,000232,S,1178.0,1050.0,785.33333330000005,883.5,0.0
GF Toofan Mail,000233,S,990.0,850.0,660.0,742.5,0.0
GF Tum Bin,000234,S,1028.0,850.0,685.33333330000005,771.0,0.0
GF Twelth Pass,000235,S,930.0,850.0,620.0,697.5,0.0
GF TWISHA,000236,S,0.0,0.0,0.0,0.0,0.0
GF udan khatola,000237,S,810.0,730.0,540.0,607.5,0.0
GF UNICORN,000238,S,895.0,850.0,596.66666669999995,671.25,0.0
GF Vichitra,000239,S,1030.0,900.0,686.66666669999995,772.5,0.0
GF Vichitra Pepsi,000240,S,1030.0,900.0,686.66666669999995,772.5,0.0
GF Vichitra Toofan,000241,S,990.0,850.0,660.0,742.5,0.0
GF Visha,000242,S,940.0,850.0,626.66999999999996,705.0,0.0
GF VIVO,000243,S,1050.0,950.0,700.0,787.5,0.0
GF VOLVO,000244,S,0.0,550.0,0.0,0.0,0.0
GF White House,000245,S,750.0,650.0,500.0,562.5,0.0
GF White Rose,000246,S,1030.0,900.0,686.66666669999995,772.5,0.0
GF Zalima,000247,S,1105.0,1000.0,736.66666669999995,828.75,0.0
GF Zarina,000248,S,1103.0,900.0,735.33333330000005,827.25,0.0
GG MAHI,000249,S,700.0,650.0,466.66666670000001,525.0,0.0
GK AADHYA,0002429,P,2137.5,1750.0,1425.0,1550.0,0.0
GK Aag Ka Gola,002323,P,1935.0,1750.0,1290.0,1450.0,0.0
GK Aaghyat,002324,P,2130.0,1900.0,1420.0,1600.0,0.0
GK ABHIMAN,002361,T,1462.5,1300.0,975.0,1050.0,2.0
GK Ahuja,001765,S,877.0,800.0,584.66666669999995,657.75,0.0
GK Ajnabi,000250,S,900.0,750.0,600.0,675.0,0.0
Gk Ajuba,002362,K,1305.0,1150.0,870.0,925.0,0.0
GK AKARSH,0002428,P,2137.5,1750.0,1425.0,1550.0,0.0
GK AMRUT,002347,S,825.0,750.0,550.0,600.0,0.0
GK Arbuda,000251,S,900.0,750.0,600.0,675.0,0.0
GK Best Luck,000252,S,810.0,700.0,540.0,607.5,0.0
GK BIRD,0002964,P,2047.5,1600.0,1365.0,1500.0,3.0
Gk Black Tea,0002405,CS,825.0,750.0,550.0,590.0,4.0
GK BOND,0002599,S,1305.0,1150.0,870.0,935.0,4.0
GK BUGATI,002325,P,2130.0,1900.0,1420.0,1600.0,0.0
GK CBZ,002348,S,750.0,650.0,500.0,540.0,3.0
GK ceat,000253,S,765.0,650.0,510.0,573.75,0.0
GK Chilly,000254,S,697.0,630.0,464.66666670000001,522.75,0.0
GK CHOCKLOATE,0003261,S,1350.0,1050.0,900.0,1000.0,4.0
GK chup chupke,000255,S,877.0,800.0,584.66666669999995,657.75,0.0
GK CIPRA,000256,S,770.0,700.0,513.33333330000005,577.5,0.0
GK COMMANDO,002349,S,825.0,750.0,550.0,600.0,1.0
GK COSTER,0003036,P,2475.0,1950.0,1650.0,1800.0,4.0
GK CRYPTON,0003355,T,1687.5,1350.0,1125.0,1225.0,2.0
GK Curve,002033,CS,840.0,750.0,560.0,630.0,0.0
GK CYBER,0003354,T,1687.5,1350.0,1125.0,1225.0,2.0
GK DEV-D,0002636,S,1065.0,800.0,710.0,750.0,-1.0
GK Dhama Dham,002104,P,1762.5,1600.0,1175.0,1321.875,0.0
GK DHISOOM,0002627,S,952.5,850.0,635.0,655.0,1.0
GK Dil Dariya,000257,P,1762.5,1300.0,1175.0,1321.8800000000001,4.0
GK Dove,000258,S,697.0,630.0,464.66666670000001,522.75,0.0
GK FIFA,0002626,Suite,1102.5,1000.0,735.0,790.0,1.0
GK Fiza,000259,P,1762.5,1600.0,1175.0,1321.875,-1.0
GK Gabgubai,000260,S,840.0,750.0,560.0,630.0,0.0
GK Gangubai,000261,S,840.0,750.0,560.0,630.0,0.0
GK GARIMA,0002638,S,1065.0,950.0,710.0,750.0,0.0
GK Good Luck,000262,S,915.0,700.0,610.0,686.25,2.0
Gk Gudiya,002326,S,952.5,850.0,635.0,715.0,0.0
GK Humraaz,000263,S,0.0,0.0,0.0,0.0,0.0
GK IIFA,002350,S,750.0,650.0,500.0,540.0,4.0
Gk Inayat Fish Pant Trouser,000264,T,1725.0,1400.0,1150.0,1293.75,0.0
GK Ishq,000265,P,1350.0,1220.0,900.0,1012.5,0.0
GK ISHQ VISQ,0002637,S,1102.5,900.0,735.0,760.0,0.0
GK Jagran,000266,S,1245.0,1040.0,830.0,933.75,0.0
GK Jannat,000267,S,623.0,550.0,415.33333329999999,467.25,0.0
GK JET AIRWAYS,001773,P,2265.0,2000.0,1510.0,1698.75,0.0
GK JOKER,000268,S,810.0,700.0,540.0,607.5,0.0
GK Kallakar,000269,S,750.0,550.0,500.0,562.5,2.0
GK Karishma,000270,S,765.0,700.0,510.0,573.75,0.0
GK Karnavati,001702,S,787.5,700.0,525.0,590.625,3.0
GK KASAM,000271,S,810.0,750.0,540.0,607.5,0.0
GK KITES,000272,S,960.0,850.0,640.0,720.0,0.0
GK Kudrt,001853,S,825.0,750.0,550.0,600.0,-1.0
GK KUNDAN,0002965,T,2475.0,1900.0,1650.0,1750.0,2.0
GK Kuwet,000273,P,1350.0,1220.0,900.0,1012.5,0.0
GK KYRA,0002628,S,952.5,850.0,635.0,655.0,0.0
GK lovasa,000274,S,765.0,650.0,510.0,573.75,0.0
GK MADHUMATI,000275,S,810.0,700.0,540.0,607.5,0.0
GK MAHARAJ,000276,S,0.0,0.0,0.0,0.0,0.0
Gk Maira,0002404,CS,825.0,750.0,550.0,590.0,0.0
GK Malta,002034,P,1747.5,1550.0,1165.0,1310.625,0.0
GK MAQBOOL,002351,S,825.0,750.0,550.0,600.0,0.0
GK matuki,000277,S,765.0,650.0,510.0,573.75,0.0
GK MEESHO,002251,S,795.0,750.0,530.0,560.0,4.0
GK MIX,000278,S,0.0,0.0,0.0,0.0,0.0
GK Mogra,000279,S,1350.0,1220.0,900.0,1012.5,0.0
Gk Moorpich,000280,S,765.0,650.0,510.0,573.75,0.0
Gk Mountain,0003252,S,1830.0,1450.0,1220.0,1330.0,4.0
GK Neoxn,000281,S,1365.0,1250.0,910.0,1023.75,0.0
GK Nexon,000282,S,1365.0,1250.0,910.0,1023.75,0.0
GK Nisha,002327,S,1305.0,1150.0,870.0,980.0,0.0
GK Padmavati,000283,S,915.0,750.0,610.0,686.25,0.0
GK PAKISTANI CONTRAST,0002697,K,1365.0,1200.0,910.0,960.0,0.0
GK Pant Trouser,000284,S,1350.0,1200.0,900.0,1012.5,0.0
GK Paper work,000285,S,765.0,650.0,510.0,573.75,0.0
Gk Piku,002363,T,1462.5,1300.0,975.0,1050.0,-1.0
GK Polo Sport,001703,S,787.5,700.0,525.0,590.625,2.0
GK Preeti,000286,S,908.0,750.0,605.33333330000005,681.0,0.0
GK Prime,000287,S,900.0,750.0,600.0,675.0,0.0
GK QUEEN,002352,S,750.0,650.0,500.0,540.0,3.0
GK Rambha Fish Pant Trouser,000288,T,1725.0,1400.0,1150.0,1293.75,0.0
GK Rebal,001704,S,787.5,700.0,525.0,590.625,0.0
GK Red Rose,000289,S,697.0,630.0,464.66666670000001,522.75,0.0
GK Ridhi,002035,CS,840.0,750.0,560.0,630.0,0.0
GK ROMIYO,000290,S,825.0,660.0,550.0,618.75,0.0
GK Royal,000291,T,1725.0,1450.0,1150.0,1293.75,0.0
GK RUN,002353,S,750.0,650.0,500.0,540.0,4.0
GK RUSTAM,0002963,P,2047.5,1600.0,1365.0,1500.0,4.0
GK RUTU,0002598,S,1305.0,1000.0,870.0,900.0,3.0
GK Sangita,000292,S,765.0,650.0,510.0,573.75,0.0
GK SANTOOR,0003033,P,2767.5,2300.0,1845.0,2215.0,4.0
GK Sara,002105,P,1762.5,1600.0,1175.0,1321.875,0.0
GK SCION,0002463,S,952.5,750.0,635.0,660.0,0.0
GK SECURITY,0003353,T,1687.5,1350.0,1125.0,1225.0,2.0
GK SIGMA,0003260,S,1350.0,1050.0,900.0,1000.0,4.0
GK Sitare,002328,S,952.5,850.0,635.0,715.0,0.0
Gk Son Pari,002364,T,1462.5,1300.0,975.0,1050.0,0.0
GK SONET,000293,S,690.0,600.0,460.0,517.5,0.0
GK Spark,001705,S,787.5,700.0,525.0,590.625,1.0
GK SUITE,000294,S,0.0,0.0,0.0,0.0,0.0
GK Tamasha,000295,S,1275.0,1150.0,850.0,956.25,0.0
Gk tara name,0003253,S,1830.0,1450.0,1220.0,1330.0,4.0
GK Tiffany,000296,S,820.0,700.0,546.66666669999995,615.0,0.0
GK TIMBER,0002655,S,1027.5,800.0,685.0,725.0,0.0
GK Toffy,000297,S,765.0,650.0,510.0,573.75,0.0
GK Torento,000298,S,877.0,800.0,584.66666669999995,657.75,0.0
GK TOSHIBA,0002455,S,622.5,550.0,415.0,450.0,0.0
GK Tum Bin,000299,S,675.0,600.0,450.0,506.25,0.0
Gk twitter,0003254,S,1830.0,1450.0,1220.0,1330.0,4.0
GK Vipul,000300,S,848.0,700.0,565.33333330000005,636.0,0.0
GK WHITE HOUSE,0002619,T,1462.5,1300.0,975.0,1025.0,0.0
GK Zaira,002106,P,1762.5,1600.0,1175.0,1321.875,0.0
GK ZINNAT,0003274,T,1650.0,1300.0,1100.0,1170.0,8.0
GK ZIYAFAT,000301,S,765.0,700.0,510.0,573.75,0.0
GK Ziyarat,000302,S,765.0,700.0,510.0,573.75,0.0
GN College Dupatta,002160,Dupatta,120.0,100.0,55.0,80.0,49.0
GNA Amrita,001587,S,982.0,900.0,654.66666669999995,736.5,-1.0
GNA Apple jam,000303,S,999.0,900.0,666.0,749.25,0.0
GNA Barfi,001588,S,982.0,750.0,654.66999999999996,736.5,0.0
GNA CAMRIC AEKTA,000304,S,742.0,670.0,494.66666670000001,556.5,0.0
GNA CHINON PAL,0002472,S,825.0,650.0,550.0,590.0,0.0
GNA CHINON SUNAYNA,0002473,S,825.0,650.0,550.0,590.0,0.0
GNA Classic Fox,000305,S,1013.0,920.0,675.33333330000005,759.75,0.0
GNA Dharmendar,001589,S,870.0,800.0,580.0,652.5,1.0
GNA Firdos Dimpal,000306,S,1045.0,950.0,696.66666669999995,783.75,0.0
GNA FIRDOS MIX,0003035,S,795.0,600.0,530.0,555.0,5.0
GNA Firdos Neeta,000307,S,1012.0,850.0,674.66666669999995,759.0,0.0
GNA Firdos Patang,000308,S,1012.0,900.0,674.66666669999995,759.0,0.0
GNA Firdos Raja,000309,S,999.0,900.0,666.0,749.25,0.0
GNA FOX DHAKA,0002756,S,825.0,650.0,550.0,585.0,5.0
GNA FOX FLORIDA,0002757,S,825.0,750.0,550.0,590.0,3.0
GNA Fox Ganga,000310,S,1110.0,1050.0,740.0,832.5,0.0
GNA Fox Hirva,000311,S,1230.0,850.0,820.0,922.5,0.0
GNA Fox Kajal,000312,S,1012.0,850.0,674.66666669999995,759.0,0.0
GNA Fox Tulsi,000313,S,1185.0,850.0,790.0,888.75,0.0
GNA GLASS,0002827,OS,810.0,650.0,540.0,580.0,2.0
GNA GORJET,0003010,S,795.0,630.0,530.0,600.0,4.0
GNA Jaam,000314,S,1012.0,900.0,674.66666669999995,759.0,0.0
GNA Jam Galaxy,001590,S,982.0,900.0,654.66999999999996,736.5,0.0
GNA JAM GEETA,0002487,CS,622.5,550.0,415.0,450.0,0.0
GNA JAM HANIYA,0002491,S,735.0,650.0,490.0,525.0,1.0
GNA Jimmychoo Ranchi,000315,S,1313.0,1150.0,875.33333330000005,984.75,-1.0
GNA Jitendar,001591,S,870.0,650.0,580.0,652.5,-1.0
GNA MAAZA,0002917,S,900.0,800.0,600.0,650.0,0.0
GNA Mahima firdous,000316,S,1013.0,920.0,675.33333330000005,759.75,0.0
GNA Mengo jam,000317,S,999.0,900.0,666.0,749.25,0.0
GNA MIRINDA,0002916,S,900.0,800.0,600.0,650.0,3.0
GNA MIX,002252,CS,570.0,500.0,380.0,410.0,102.0
GNA MIX 01,002259,S,1500.0,750.0,380.0,0.0,13.0
GNA MIX 02,002260,S,1400.0,700.0,380.0,0.0,8.0
GNA MIX 03,002261,S,1350.0,650.0,380.0,0.0,7.0
GNA MIX 04,002262,S,1175.0,550.0,380.0,0.0,3.0
GNA MIX 05,002263,S,1350.0,600.0,380.0,0.0,7.0
GNA MIX 06,002264,S,2100.0,850.0,380.0,0.0,5.0
GNA MIX 07,002265,S,1875.0,800.0,380.0,0.0,0.0
GNA ORGANZA 7 STAR,0002755,OS,742.5,650.0,475.0,530.0,8.0
Gna Panta,0002918,S,900.0,800.0,600.0,650.0,3.0
GNA Ranchi jam,000318,S,999.0,900.0,666.0,749.25,0.0
GNA Sanam,001592,S,870.0,800.0,580.0,652.5,0.0
GNA Simmer Angel,000319,S,1395.0,1250.0,930.0,1046.25,0.0
GNA SINDOOR,0002474,S,825.0,750.0,550.0,590.0,0.0
GNA Star Jorjat Stree,000320,S,1140.0,850.0,760.0,855.0,0.0
GNA SUHANI,000321,S,525.0,470.0,350.0,393.75,0.0
GNA TELEGRAM,0002662,S,937.5,850.0,625.0,655.0,0.0
Gold Chance,000322,S,450.0,350.0,300.0,337.5,0.0
Gold Remove,000323,S,610.0,550.0,406.66666670000001,457.5,0.0
Golden Pant Trouser Zarkan Work,000324,T,900.0,750.0,600.0,675.0,0.0
Good luck GK,000325,S,775.0,650.0,516.66666669999995,581.25,0.0
Gsf Dupatta,002163,Dupatta,94.5,80.0,63.0,70.0,905.0
GT Noorie,000326,S,490.0,450.0,326.66666670000001,367.5,0.0
GT Sanam,000327,S,490.0,450.0,326.66666670000001,367.5,0.0
Gulzar Rayon,000328,S,540.0,500.0,360.0,405.0,0.0
Gumnam,000329,S,664.0,600.0,442.66666670000001,498.0,0.0
Handkerchief,000330,General,16.0,10.0,9.0,10.0,-167.0
HASINA,0002478,S,450.0,450.0,300.0,325.0,0.0
Headcap,002340,Makhna,30.0,50.0,20.0,40.0,28.0
Heavy Muslin Suit,000331,S,412.0,370.0,274.66666670000001,309.0,0.0
Heavy Zara 01,001786,G,3900.0,2250.0,2070.0,2100.0,0.0
Heavy Zara 02,001787,G,3740.0,2049.0,1870.0,1950.0,2.0
Heavy Zara 03,001788,P,2673.75,2400.0,1782.5,2005.3125,0.0
Heavy Zara 04,001789,P,2673.75,2400.0,1782.5,2005.3125,0.0
Heavy Zara 05,001790,F,2988.75,2700.0,1992.5,2241.5625,0.0
Heavy Zara 06,001791,G,3697.5,3350.0,2465.0,2773.125,0.0
Heavy Zara 07,001792,P,3146.25,2800.0,2097.5,2359.6875,0.0
Heavy Zara 08,001793,P,2752.0,2500.0,1834.666667,2064.0,0.0
Heavy Zara 09,001794,P,2752.0,2500.0,1834.666667,2064.0,0.0
Heavy Zara 10,001795,F,2358.75,2150.0,1572.5,1769.0625,6.0
HH 1463,0003097,T,2367.0,1580.0,1315.0,1450.0,3.0
HH 1501,0003096,T,2295.0,1550.0,1275.0,1400.0,2.0
Hira,000332,General,172.5,150.0,115.0,129.375,0.0
Honda GK,000333,S,840.0,700.0,560.0,630.0,0.0
Hotstar VT,000334,S,780.0,650.0,520.0,585.0,0.0
HP Heera Jam,000335,S,690.0,550.0,460.0,517.5,0.0
HP Hira Dola 2nd suit,000336,S,940.0,850.0,626.66666669999995,705.0,0.0
HP SUITE,000337,S,750.0,650.0,500.0,562.5,0.0
HP SUITE 2,000338,S,650.0,550.0,433.33333329999999,487.5,0.0
HUF Dupatta,002161,Dupatta,120.0,100.0,55.0,80.0,32.0
I LOVE YOU,0003128,P,2062.5,1650.0,1375.0,1500.0,2.0
Ice Cub,000339,S,735.0,600.0,490.0,551.25,0.0
Ice Pop,000340,S,735.0,600.0,490.0,551.25,0.0
Inaya Rajwadi,002043,CS,765.0,700.0,510.0,573.75,-3.0
Inaya Suite,001910,S,850.0,550.0,0.0,0.0,-1.0
INDIGO,000341,S,652.0,550.0,434.67000000000002,489.0,0.0
Innaya Bits,001966,S,975.0,850.0,650.0,731.25,0.0
INNAYA BLUE EYES,0003244,CD,774.0,620.0,516.0,570.0,2.0
INNAYA CHICKEN,0003161,CD,727.5,580.0,485.0,525.0,4.0
INNAYA CHINON MANALI,0003160,CS,774.0,650.0,516.0,550.0,-7.0
INNAYA FIRE,0003158,CD,660.0,530.0,441.0,480.0,3.0
INNAYA FLAVOUR,0003159,CD,825.0,650.0,550.0,600.0,3.0
INNAYA GOOGLEPAY,0003135,CD,790.5,630.0,527.0,565.0,6.0
Innaya Gudgudi,001911,S,720.0,650.0,480.0,540.0,-1.0
Innaya Hotkit,0003181,CD,679.5,550.0,452.0,475.0,4.0
INNAYA LAKHNAVI,0003223,CD,628.5,550.0,419.0,470.0,6.0
Innaya Mongra Chinon,001967,S,885.0,800.0,590.0,663.75,0.0
Innaya Nonstop,001912,S,772.5,700.0,515.0,579.375,-1.0
INNAYA NOVOTEL,0003157,CD,870.0,700.0,580.0,630.0,0.0
Innaya Rajwadi,001968,S,765.0,700.0,510.0,573.75,0.0
INNAYA ROYAL STAG,0003134,C,805.0,650.0,537.0,600.0,6.0
Innaya Sonpari,ST4119MDS,CD,787.5,630.0,525.0,570.0,3.0
Innaya Super 30,001969,S,712.5,600.0,475.0,525.0,-1.0
INNAYA VIDMATE',0003166,CD,886.5,700.0,591.0,625.0,-1.0
Innu Batik,001706,S,465.0,350.0,310.0,348.75,0.0
Innu Batik Masti,000343,S,668.0,350.0,445.33333329999999,501.0,0.0
INNU BELLA,001913,S,465.0,350.0,310.0,325.0,0.0
INSTAGRAM JIMMY CHUU,0003012,P,1350.0,1100.0,900.0,1050.0,42.0
Instagram Om,000344,S,1013.0,900.0,675.33333330000005,759.75,0.0
Iznik 1182B,001796,K,1875.0,1700.0,1250.0,1406.25,0.0
Jaam Akansha,000345,S,795.0,650.0,530.0,596.25,0.0
Jaam Ctn Suite,002076,CS,690.0,600.0,460.0,517.5,0.0
Jaam Khathli,002077,CS,772.0,700.0,514.66666669999995,579.0,0.0
Jaam Print,002044,CS,727.5,550.0,485.0,545.62,2.0
Jaam Simba,000346,S,878.0,750.0,585.33333330000005,658.5,0.0
JAAM ZARKAN SUITE,000347,S,850.0,750.0,566.66666669999995,637.5,0.0
Jackpot,002053,T,1755.0,1600.0,1170.0,1316.25,-1.0
Jam Cotton Red,000348,S,0.0,0.0,0.0,0.0,0.0
Jambo GK,000349,S,840.0,700.0,560.0,630.0,0.0
Jayveelon JV Camric,001707,S,502.5,450.0,335.0,376.875,-2.0
JBT GOLD CITY,0002991,S,690.0,550.0,460.0,485.0,0.0
JBT JAM JAM,0002990,S,690.0,550.0,460.0,485.0,1.0
JBT SELFIE,0002759,S,675.0,600.0,450.0,490.0,7.0
JBT SIMRAN,0002758,S,675.0,550.0,450.0,480.0,4.0
JBT TIGER,0002562,S,682.5,600.0,455.0,475.0,6.0
Jbt Tik Tok,0002659,S,697.5,550.0,465.0,485.0,4.0
JBT TITAN,0002653,S,697.5,550.0,465.0,490.0,5.0
JBT WHITE PARI,0002642,S,712.5,550.0,475.0,505.0,0.0
JF Butterfly,000350,S,615.0,550.0,410.0,461.25,0.0
JF Chandani,000351,S,745.0,600.0,496.66666670000001,558.75,0.0
JF Dipti,000352,S,750.0,600.0,500.0,562.5,0.0
JF Ful Jadi,000353,S,758.0,650.0,505.33333329999999,568.5,0.0
JF Ful Zadi,000354,S,758.0,650.0,505.33333329999999,568.5,0.0
JF Gudiya,000355,S,660.0,600.0,440.0,495.0,0.0
JF Ice Cream,000356,S,735.0,650.0,490.0,551.25,0.0
JF JALEBI BAI,000357,S,690.0,650.0,460.0,517.5,0.0
JF Kohinoor,000358,S,720.0,650.0,480.0,540.0,0.0
JF MAAZA,000359,S,653.0,600.0,435.33333329999999,489.75,0.0
JF Parvat,000360,S,670.0,550.0,446.66666670000001,502.5,0.0
JF Popcorn,000361,S,660.0,600.0,440.0,495.0,0.0
JF Queen,000362,S,607.0,559.0,404.66666670000001,455.25,0.0
JF Rang Rasiya,000363,S,625.0,520.0,416.66666670000001,468.75,0.0
JF Roli Moli,000364,S,720.0,600.0,480.0,540.0,0.0
JF Sia,000365,S,705.0,550.0,470.0,528.75,0.0
JF Skoda,000366,S,728.0,650.0,485.33333329999999,546.0,0.0
JF STUDIO,000367,S,667.0,600.0,444.66666670000001,500.25,0.0
JF Sunshine,000368,S,705.0,550.0,470.0,528.75,0.0
JF Supriya,000369,S,743.0,600.0,495.33333329999999,557.25,0.0
JF Vanshika,000370,S,660.0,600.0,440.0,495.0,0.0
JF Varnika,000371,S,570.0,500.0,380.0,427.5,0.0
JF weekend,000372,S,750.0,650.0,500.0,562.5,0.0
JF Zara Hatke,000373,S,660.0,600.0,440.0,495.0,0.0
JF Zoya,000374,S,765.0,600.0,510.0,573.75,0.0
JIMI CHUG VISCOSE,000375,S,735.0,650.0,490.0,551.25,0.0
JIMMI CHU 1178,0002948,T,1387.5,1100.0,925.0,1050.0,9.0
JLF APPLE,0003065,P,1350.0,1100.0,900.0,1050.0,4.0
JMD ACHIEVER,000376,S,465.0,400.0,310.0,348.75,-1.0
JMD Amala,002141,S,472.5,400.0,315.0,354.375,0.0
JMD Aparna,002142,S,472.5,400.0,315.0,354.375,0.0
JMD BLACK,001558,S,469.0,400.0,312.66666670000001,351.75,0.0
JMD BLACK JACK,001559,S,469.0,400.0,312.66666670000001,351.75,0.0
JMD Cadbury,001669,S,469.0,400.0,312.66666670000001,351.75,0.0
JMD CHALLENGER,001560,S,469.0,400.0,312.67000000000002,351.75,0.0
JMD Chandrika,000377,S,469.0,400.0,312.67000000000002,351.75,-1.0
JMD Dal Lake,001670,S,469.0,400.0,312.67000000000002,351.75,3.0
JMD Gangajal,000378,S,460.0,400.0,306.66666670000001,345.0,0.0
JMD Kaju,000379,S,465.0,400.0,310.0,348.75,0.0
JMD LEXUS,000380,S,400.0,465.0,266.66666670000001,300.0,0.0
JMD Love Boy,002143,S,472.5,400.0,315.0,354.375,-1.0
JMD Manmeet,001671,S,469.0,400.0,312.67000000000002,351.75,3.0
JMD Mapping,001672,S,469.0,400.0,312.67000000000002,351.75,0.0
JMD Maurya,002144,S,472.5,400.0,315.0,354.375,0.0
Jmd Mehbooba,002164,CS,469.5,400.0,313.0,375.60000000000002,3.0
JMD Milk Shake,001673,S,469.0,400.0,312.66666670000001,351.75,0.0
JMD MIX SUIT,0002849,S,415.0,400.0,313.0,335.0,-25.0
JMD MIX SUIT STAR,0002890,S,469.5,400.0,313.0,350.0,40.0
JMD Reet,001674,S,469.0,400.0,312.67000000000002,351.75,0.0
JMD Rudraksh,000381,S,475.0,400.0,316.66666670000001,356.25,0.0
JMD Sanam,002145,S,472.5,400.0,315.0,354.38,1.0
JMD Sarthi,001675,S,469.0,400.0,312.67000000000002,351.75,0.0
Jmd Shehzada,002165,CS,558.0,500.0,372.0,456.0,5.0
Jmd Shipra,002166,CS,469.5,400.0,313.0,375.60000000000002,0.0
JMD Suhagan,002146,S,472.5,400.0,315.0,354.375,0.0
JMD Tarana,000382,S,465.0,400.0,310.0,348.75,0.0
JMD VIMOCHAN,001561,S,469.0,400.0,312.66666670000001,351.75,0.0
JMD Yahoo,001676,S,469.0,400.0,312.66666670000001,351.75,0.0
JS CRYSTAL,000383,S,631.0,550.0,420.66666670000001,473.25,0.0
JS Dominos,000384,S,652.0,600.0,434.66666670000001,489.0,0.0
JS Kanchan,001593,S,765.0,680.0,510.0,573.75,0.0
JS Kheer,000385,S,727.0,650.0,484.66666670000001,545.25,0.0
JS MAHI,000386,S,631.0,550.0,420.66666670000001,473.25,0.0
JS MANALI,000387,S,631.0,550.0,420.66666670000001,473.25,0.0
JS MONACO,000388,S,631.0,550.0,420.66666670000001,473.25,0.0
JS Saachi,001594,S,810.0,700.0,540.0,607.5,0.0
JS Vedant,001595,S,810.0,700.0,540.0,607.5,0.0
JT Al Noor,002107,C,645.0,550.0,430.0,483.75,0.0
JT Allever,002108,C,727.5,600.0,485.0,530.0,0.0
JT ANKITA,0002926,CC,727.5,600.0,485.0,515.0,0.0
JT ANTIQUE,0002927,CC,727.5,600.0,485.0,515.0,0.0
Jt Atrangi,000649,C,0.0,0.0,0.0,0.0,0.0
JT Belaa,002109,C,502.5,400.0,335.0,360.0,0.0
JT BROWN BEAUTY,002140,CS,675.0,550.0,450.0,506.25,0.0
JT Gulmohar,002110,C,645.0,550.0,430.0,483.75,0.0
JT IMLI,0002929,CC,660.0,550.0,440.0,470.0,0.0
JT MARIGOLD,0002925,CC,727.5,600.0,485.0,515.0,1.0
JT NIGAAR,0002928,CC,675.0,550.0,450.0,480.0,0.0
JT Pakeeza,002111,CC,585.0,500.0,390.0,438.75,1.0
JT Shabana,002112,C,450.0,400.0,300.0,337.5,0.0
JT Titli,002113,C,472.5,350.0,315.0,354.38,0.0
Jt Zara,000390,S,0.0,400.0,0.0,0.0,-1.0
JT ZUBEE,0002930,CC,667.5,550.0,445.0,480.0,5.0
Jumbo GK,000391,S,840.0,700.0,560.0,630.0,0.0
JUST TRYING 2,000392,G,123.0,125.0,82.0,92.25,0.0
JUST TRYING SF,000393,G,135.0,125.0,90.0,101.25,0.0
K.K.U Air India,000394,S,525.0,450.0,350.0,393.75,0.0
Kashka Dupatta,002341,Dupatta,165.0,150.0,110.0,125.0,6.0
Kashmira XL Makhna,002342,Makhna,307.5,280.0,205.0,230.0,6.0
KASMIRI DHAGA WORK PEPLUM,000395,S,0.0,0.0,0.0,0.0,0.0
KASMIRI TROUSER,002079,T,1852.5,1650.0,1235.0,1389.375,0.0
Kavita EID SPECIAL Burberry,000396,S,1030.0,860.0,686.66666669999995,772.5,0.0
Kbi 6100,002036,T,1582.5,1450.0,1055.0,1186.875,0.0
KBI 6111,001963,T,1702.5,1550.0,1135.0,1276.875,0.0
KBI 6177,002046,T,1627.5,1450.0,1085.0,1220.625,-1.0
KC 11641,000397,S,870.0,800.0,580.0,652.5,0.0
KC 11647,000398,S,870.0,800.0,580.0,652.5,0.0
KC 11649,000399,S,870.0,800.0,580.0,652.5,0.0
KC 11667,000400,S,922.0,850.0,614.66666669999995,691.5,0.0
KC 11669,000401,S,952.0,850.0,634.66666669999995,714.0,0.0
KC 11671,002167,CS,412.5,350.0,275.0,330.0,1.0
KC 11672,002168,CS,412.5,350.0,275.0,330.0,0.0
KC 11674,002169,CS,412.5,350.0,275.0,330.0,0.0
Kc 11675,002162,CS,412.5,350.0,275.0,300.0,1.0
KC 1191,002171,CS,412.5,350.0,275.0,330.0,0.0
KC 13453,002026,CS,619.5,550.0,413.0,464.625,0.0
KC 13454,002027,CS,619.5,550.0,413.0,464.625,1.0
KC 13455,002028,CS,619.5,550.0,413.0,464.625,0.0
KC 13456,002029,CS,619.5,550.0,413.0,464.625,0.0
KC 9XM,000402,S,1690.0,1520.0,1126.666667,1267.5,0.0
KC Aaira,001677,S,855.0,750.0,570.0,641.25,0.0
KC Aankh Micholi,000403,S,1920.0,1750.0,1280.0,1440.0,0.0
KC Aanvi,000404,S,2065.0,1850.0,1376.666667,1548.75,0.0
KC Ablah Plazo,000405,S,2250.0,1850.0,1500.0,1687.5,0.0
KC Adiva plazo,000406,S,2250.0,1850.0,1500.0,1687.5,0.0
KC AE DIL,0002666,CS,877.5,750.0,585.0,625.0,1.0
KC Afaaf plazo,000407,S,2250.0,1850.0,1500.0,1687.5,0.0
KC AFEEMA PURSE,0003153,P,3375.0,2550.0,2250.0,2450.0,0.0
KC Afra Tafri,001854,T,2227.5,2000.0,1485.0,1670.625,0.0
KC Aida Plazo,000408,S,2250.0,1850.0,1500.0,1687.5,0.0
KC Ainaz,000409,S,1950.0,1500.0,1300.0,1462.5,0.0
KC Aizaz,000410,S,795.0,650.0,530.0,596.25,1.0
KC Akasa,000411,S,1780.0,1300.0,1186.6700000000001,1335.0,1.0
KC Al Falah,000412,S,1492.5,1250.0,995.0,1100.0,-1.0
KC Al Habibi,000413,S,1665.0,1450.0,1110.0,1248.75,0.0
KC Al Minaah,001708,S,1290.0,1150.0,860.0,967.5,0.0
KC Al Mizhar,000414,S,2025.0,1650.0,1350.0,1518.75,0.0
KC ALBEELA RAHI,000415,S,1380.0,1250.0,920.0,1035.0,0.0
KC Aldeenar,000416,S,1840.0,1550.0,1226.666667,1380.0,0.0
KC Alfiya,001989,CS,877.5,700.0,585.0,650.0,0.0
KC Alice,000417,S,1733.0,1550.0,1155.333333,1299.75,0.0
KC All in one,000418,S,1762.0,1450.0,1174.666667,1321.5,0.0
KC ALL TIME BEST,0003219,S,1207.5,970.0,805.0,860.0,4.0
KC Almas,000419,S,1450.0,1300.0,966.66666669999995,1087.5,0.0
KC ALMIR,000420,P,0.0,0.0,0.0,0.0,0.0
KC AlRaso,000421,S,1432.0,1300.0,954.66999999999996,1074.0,1.0
KC AMIRA NOOR,0003276,P,2227.5,1750.0,1485.0,1550.0,3.0
KC AMROzIA,002209,S,1687.5,1500.0,1125.0,1225.0,0.0
KC Ancher,000422,S,1298.0,1050.0,865.33333330000005,973.5,0.0
KC ANGEL BERRY,0002573,S,1792.5,1600.0,1195.0,1280.0,1.0
KC Ankhiya Gulabi,000423,G,2385.0,2150.0,1590.0,1788.75,0.0
KC Anusheh,000424,G,1192.0,1050.0,794.66666669999995,894.0,0.0
KC Arbaaz,002081,T,2062.5,1850.0,1375.0,1546.875,0.0
KC ARSHIYA,000425,S,1702.0,1400.0,1134.666667,1276.5,0.0
KC ART GALLERY,0002735,P,2767.5,2250.0,1845.0,1970.0,0.0
KC Arwa Burberry,000426,S,2230.0,1950.0,1486.666667,1672.5,0.0
KC ASHQ,000427,T,2460.0,1850.0,1640.0,1845.0,0.0
KC Ateera,000428,S,1785.0,1450.0,1190.0,1338.75,0.0
KC Atoot Rishta,001596,S,1935.0,1750.0,1290.0,1451.25,0.0
KC Audi,000429,S,1845.0,1550.0,1230.0,1383.75,0.0
KC Avantika,000430,T,2160.0,1800.0,1440.0,1620.0,0.0
KC AVIATOR,0003083,S,1215.0,800.0,675.0,730.0,4.0
KC Azari,000431,S,855.0,750.0,570.0,641.25,0.0
KC AZBAN,000432,S,1552.0,1400.0,1034.666667,1164.0,0.0
KC AZFAR,000433,T,2257.0,2050.0,1504.666667,1692.75,0.0
KC Azizi,000434,T,2430.0,2150.0,1620.0,1822.5,0.0
KC Azmeen,000435,S,2062.0,1650.0,1374.666667,1546.5,0.0
KC Baadshaho,000436,CS,765.0,650.0,510.0,540.0,1.0
KC BAARISH BEATS,0003085,S,1125.0,730.0,625.0,700.0,2.0
KC Baby Girl,000437,S,765.0,680.0,510.0,573.75,0.0
KC Baby Jhon,002047,T,1920.0,1550.0,1280.0,1440.0,0.0
KC Badal,000438,S,985.0,900.0,656.66666669999995,738.75,0.0
KC Badshah,000439,S,1650.0,1450.0,1100.0,1237.5,0.0
Kc Badshah Berry,0003280,S,1575.0,1250.0,1050.0,1150.0,1.0
KC BADSHAHI STYLE,0003093,P,4122.0,2700.0,2290.0,2550.0,0.0
KC BAHEEJA,000440,S,0.0,900.0,0.0,0.0,0.0
KC BAJAJ FLEXI,0002733,P,2385.0,1950.0,1590.0,1715.0,3.0
KC BAKED COOKIES,0003059,S,1387.5,1160.0,925.0,1110.0,0.0
KC BALLE BALLE,0003321,SHADED PLAZO,2512.5,1900.0,1675.0,1775.0,3.0
KC Band Baaja,001709,S,1792.5,1600.0,1195.0,1344.375,0.0
KC Bandagi,000441,S,637.0,550.0,424.66666670000001,477.75,0.0
KC Banjara,000442,S,667.5,600.0,445.0,500.625,-3.0
KC BANJARA HILLS,0002630,P,2385.0,1900.0,1590.0,1690.0,2.0
KC BANNO BEAUTY,0003080,P,3546.0,2350.0,1970.0,2250.0,0.0
KC BARZAKH,000443,S,0.0,1350.0,0.0,0.0,0.0
KC Basundi Firdous,000444,S,675.0,550.0,450.0,506.25,0.0
Kc Battle King,0003251,L,3120.0,2500.0,2080.0,2200.0,4.0
KC BEAT BLAST,0002912,P,3120.0,2800.0,2080.0,2300.0,-1.0
KC BEAUTY SWAG,0002994,F,4110.0,3000.0,2740.0,3090.0,0.0
KC BEETE LAMHE,0002449,CS,765.0,650.0,510.0,570.0,0.0
KC BEGUM AURA,0003045,P,3375.0,2700.0,2250.0,2500.0,0.0
Kc Begum Banarasi,0003213,T,2272.5,1800.0,1515.0,1615.0,3.0
KC Behnaz,000445,S,1795.0,1550.0,1196.666667,1346.25,0.0
KC Behrukh,000446,S,0.0,1250.0,0.0,0.0,0.0
KC Bekarar,000447,S,1778.0,1500.0,1185.333333,1333.5,0.0
KC Belimaa white suit,000448,S,900.0,750.0,600.0,675.0,0.0
KC Berries,000449,S,1780.0,1600.0,1186.666667,1335.0,0.0
KC BERRY BRUST,002354,P,2130.0,1650.0,1420.0,1500.0,0.0
KC BERRY FIZZ,0002783,P,2437.5,1950.0,1625.0,1750.0,1.0
KC BEST CHOICE,0002635,T,2002.5,1800.0,1335.0,1450.0,-1.0
KC BEST NAME,002275,T,2017.5,1700.0,1345.0,1500.0,0.0
KC BEST SELLER,0003319,C,2542.5,1900.0,1695.0,1795.0,1.0
KC BEST VOICE,002210,S,2017.5,1800.0,1345.0,1385.0,4.0
Kc Best Wishes,002311,CS,735.0,650.0,490.0,550.0,3.0
KC Bhagam Bhag,001639,S,2385.0,2150.0,1590.0,1788.75,0.0
KC BHEEJA,000450,S,825.0,750.0,550.0,618.75,0.0
KC Bidipta,000451,S,1840.0,1550.0,1226.666667,1380.0,0.0
Kc Big screen,002312,CS,952.5,850.0,635.0,715.0,0.0
Kc Bijli,0003308,CRUNCHY SUIT,1050.0,850.0,700.0,750.0,4.0
KC BIJLI QUEEN,0003040,P,2850.0,2380.0,1900.0,2280.0,0.0
KC BINDAS SWAG,0003020,P,2685.0,2100.0,1790.0,1900.0,4.0
KC Bindiya Chamke,001636,S,889.0,800.0,592.66999999999996,666.75,-1.0
KC BIRD SOUND,002276,T,2017.5,1700.0,1345.0,1500.0,0.0
KC Bit Coin,001710,S,1792.5,1600.0,1195.0,1344.375,0.0
KC BITE TIME,0003117,P,2467.5,1970.0,1645.0,1750.0,0.0
KC BITEZON (With Purse),0002738,Paplon,3547.5,2650.0,2365.0,2525.0,2.0
KC Black Cherry,001774,T,2272.5,2050.0,1515.0,1704.375,0.0
KC BLACK ICE,002355,P,3000.0,2700.0,2000.0,2250.0,0.0
Kc black magic,0002682,S,1545.0,1350.0,1030.0,1110.0,2.0
KC BLACK ROCK,0002856,S,1545.0,1400.0,1030.0,1150.0,4.0
Kc Black Sky Lehnga,0003250,L,3120.0,2500.0,2080.0,2200.0,3.0
KC BlackBerry,001855,P,3367.5,3000.0,2245.0,2525.625,0.0
KC BLESSING,0002745,CS,952.5,850.0,635.0,700.0,1.0
KC BLINK SWITCH,0002505,T,1942.5,1450.0,1295.0,1380.0,0.0
KC BLOCKBUSTER,001522,S,1717.0,1350.0,1144.6700000000001,1287.75,0.0
KC BLOOM ROSE,0003089,P,4050.0,2650.0,2250.0,2450.0,4.0
KC Blue Bell,001597,G,3150.0,2800.0,2100.0,2362.5,0.0
KC Blue City,001856,S,1425.0,1300.0,950.0,1068.75,0.0
Kc Blue Line LENHNGA,0003248,L,3120.0,2500.0,2080.0,2200.0,3.0
Kc Blue Whale,002300,T,1792.5,1600.0,1195.0,1300.0,-1.0
KC BLUSH SKY,0003023,P,2542.5,2000.0,1695.0,2040.0,0.0
KC Bolero,001857,T,2205.0,2000.0,1470.0,1653.75,0.0
Kc Boom Berry,0003287,S,1575.0,1200.0,1050.0,1150.0,0.0
KC BOOM BOX,0002766,P,3292.5,2600.0,2195.0,2300.0,0.0
KC BREEZE SIP,0002554,S,1492.5,1300.0,995.0,1070.0,0.0
KC BRIDAL DRESS,0002610,P,3225.0,2400.0,2150.0,2250.0,0.0
KC Bridal Queen,000452,T,2250.0,1650.0,1500.0,1687.5,1.0
KC BRIGHT FLOWER,0002569,S,2242.5,1750.0,1495.0,1580.0,3.0
KC BRILLIANT (W PURSE),002277,P,3052.5,2350.0,2035.0,2150.0,3.0
KC BROWN BREAD,0002506,T,2572.5,2000.0,1715.0,1815.0,4.0
KC Bulandiya,001711,T,2242.5,2000.0,1495.0,1681.875,0.0
KC BULBUL MAGIC,0003052,CS,1387.5,1160.0,925.0,1050.0,3.0
KC BULLET TRAIN,0002631,P,3352.5,2450.0,2235.0,2330.0,4.0
KC CAFE DILWALE,0002563,S,1620.0,1400.0,1080.0,1160.0,4.0
KC CAFE MEHFIL,0003121,T,2340.0,1870.0,1560.0,1750.0,0.0
KC Candy Bite,001858,S,1350.0,1200.0,900.0,1012.5,0.0
KC CANDY HEART,0002644,S,1777.5,1600.0,1185.0,1225.0,3.0
KC CARAMEL CRUNCH,0002962,S,1335.0,1200.0,890.0,990.0,1.0
KC CASA CRAFT,0002482,T,2467.5,1900.0,1645.0,1750.0,-2.0
Kc Celebration,0003285,S,1200.0,1000.0,800.0,900.0,4.0
KC Cello,000453,S,1735.0,1550.0,1156.666667,1301.25,0.0
KC Chahatein,000454,S,1680.0,1500.0,1120.0,1260.0,0.0
KC CHAI BREAK,0003347,S,1642.5,1300.0,1095.0,1200.0,3.0
KC Chaiya Chaiya,001712,T,2685.0,2400.0,1790.0,2013.75,2.0
KC CHAMAK CHALO,0003095,S,891.0,600.0,495.0,540.0,4.0
KC Champions,001713,T,2302.5,2000.0,1535.0,1726.875,0.0
KC CHANA BLAST,0003282,S,1987.5,1590.0,1325.0,1425.0,4.0
KC CHANCHAL,000455,T,1575.0,1420.0,1050.0,1181.25,0.0
KC Chand,000456,S,1465.0,1250.0,976.66666669999995,1098.75,0.0
KC Chand ka Tukda,001714,T,2160.0,1650.0,1440.0,1620.0,0.0
KC CHASHNI,0003102,P,3067.5,2450.0,2045.0,2200.0,1.0
KC CHAT CHASKA,0002996,T,2025.0,1830.0,1350.0,1520.0,4.0
KC CHEESECAKE,001523,P,2887.0,2600.0,1924.666667,2165.25,0.0
KC CHEEZY PLANET,0002696,S,1815.0,1600.0,1210.0,1300.0,2.0
KC Chennai express,000457,S,1110.0,1000.0,740.0,832.5,0.0
KC CHERRY MERRY,0002634,T,2002.5,1800.0,1335.0,1450.0,4.0
Kc Chill Beat,0002499,T,2047.5,1800.0,1365.0,1465.0,4.0
KC CHILL BERRY,002356,P,2130.0,1550.0,1420.0,1500.0,2.0
KC CHILL BERRY SUITE,0003054,S,2085.0,1650.0,1390.0,1500.0,4.0
KC CHILL TIME,0002950,S,2160.0,1900.0,1440.0,1580.0,2.0
KC CHILL UP,0002434,S,2317.5,1750.0,1545.0,1650.0,4.0
KC CHLL AND THRIL,0003110,S,2377.5,1900.0,1585.0,1800.0,4.0
KC CHLLY WILLY,0003056,S,2482.5,1950.0,1655.0,1800.0,3.0
KC Choco Cream,001775,T,2272.5,2050.0,1515.0,1704.375,0.0
KC CHOCO KUNAFA,0002882,S,2242.5,2100.0,1495.0,1680.0,4.0
KC CHOCO MITTIES,0002749,T,2242.0,1850.0,1495.0,1625.0,2.0
KC CHUNKY CHAAT,0003303,S,1687.5,1350.0,1125.0,1225.0,4.0
KC Chunnari Chamke,002365,CS,765.0,650.0,510.0,550.0,5.0
KC Chutney Shambhar,002082,T,3200.0,1850.0,1790.0,1850.0,0.0
KC CITY CART,0002955,S,1875.0,1650.0,1250.0,1360.0,4.0
KC CLASSIC MUSIC,0002447,CS,765.0,650.0,510.0,570.0,2.0
Kc Classic Photo,0003300,S,1687.5,1350.0,1125.0,1225.0,4.0
KC CLASSIC TREND,0002958,S,2032.5,1750.0,1355.0,1450.0,0.0
KC CLASSY TASHAN,0003030,P,2925.0,2350.0,1950.0,2100.0,4.0
KC Cock Studio,000458,S,1635.0,1450.0,1090.0,1226.25,0.0
KC COCKTAIL PARTY,001524,S,1987.0,1700.0,1324.6700000000001,1490.25,0.0
KC COFEE COOL,0002461,CS,765.0,650.0,510.0,540.0,0.0
KC COLOURFUL BIRD,0002746,Trouser,2242.5,1850.0,1495.0,1625.0,0.0
KC Comedy Circle,002366,CS,735.0,650.0,490.0,550.0,4.0
KC COOKIE CRAZE,0002384,T,2175.0,1950.0,1450.0,1550.0,2.0
KC Cookies,001715,S,1860.0,1650.0,1240.0,1395.0,0.0
KC COOL BREEZE,0002527,S,1162.5,1000.0,775.0,825.0,4.0
KC COOLE BERY,0002571,S,1777.5,1600.0,1185.0,1270.0,3.0
KC COOLE CAFE,002278,T,2017.5,1600.0,1345.0,1500.0,4.0
Kc Coolie,002279,T,1987.5,1750.0,1325.0,1490.0,1.0
Kc Cooling Chilled,002313,P,2385.0,2150.0,1590.0,1750.0,1.0
KC COOLZEN,0002481,P,2737.5,2100.0,1825.0,1935.0,0.0
Kc cornetto,002054,T,2940.0,2000.0,1960.0,2000.0,-1.0
Kc Costa Waterfall,002314,T,2032.5,1800.0,1355.0,1500.0,2.0
KC CRAZY BOUNCE,0002893,FARSI,3975.0,3000.0,2650.0,2850.0,4.0
KC CRAZY GIRL,0002952,S,1927.5,1600.0,1285.0,1400.0,0.0
KC CRAZY PAL,0003041,S,2287.5,1900.0,1525.0,1830.0,4.0
KC CREMONA,0002581,S,2025.0,1800.0,1350.0,1435.0,4.0
KC Creta,001859,T,2205.0,2000.0,1470.0,1653.75,0.0
KC CRICKET REELS,0003350,S,2032.5,1600.0,1355.0,1455.0,4.0
Kc Crispy Corner,0002673,P,2850.0,2250.0,1900.0,2150.0,3.0
KC CRISPY POPCORN,0003103,P,1837.5,1470.0,1225.0,1325.0,4.0
KC CRUNCY MUNCHY,0003044,P,3292.5,2550.0,2195.0,2300.0,1.0
KC CRYSTAL CAPTURE,0003301,S,1687.5,1350.0,1125.0,1225.0,4.0
KC CRYSTAL WEAVE,0002782,CS,1320.0,1150.0,880.0,940.0,0.0
KC CRYSTILE BREEZE,0002432,S,1080.0,1000.0,720.0,800.0,4.0
KC Daawat e ishq,000459,P,0.0,2250.0,0.0,0.0,0.0
KC DAIJAAN,0002549,S,1687.5,1350.0,1125.0,1200.0,1.0
KC DAILY FASHION,0003025,P,2940.0,2250.0,1960.0,2100.0,2.0
KC DALCHINI,000460,S,1972.0,1750.0,1314.666667,1479.0,0.0
KC Dashing,002083,T,3000.0,2050.0,1995.0,2050.0,0.0
KC DASTAK-E-DIL,0003051,S,2131.5,1650.0,1421.0,1550.0,4.0
Kc Dear Medam,0003172,P,2385.0,1850.0,1590.0,1700.0,4.0
KC Deewanapan,000461,S,1492.0,1350.0,994.66666669999995,1119.0,0.0
KC DESERT STAR,0002956,S,1762.5,1550.0,1175.0,1300.0,4.0
KC DESI CLUB,0003269,T,2325.0,1750.0,1550.0,1650.0,4.0
KC DESI DABANGG,0002575,T,2092.5,1650.0,1395.0,1470.0,1.0
KC DESI FLEX,0002906,S,2017.5,1800.0,1345.0,1470.0,4.0
KC DESI HOOD,0003111,P,2887.5,2300.0,1925.0,2150.0,4.0
KC DESI LOOK,001525,S,1155.0,1050.0,770.0,866.25,0.0
KC DESI RANGREZ,0002588,S,1192.5,1050.0,795.0,860.0,2.0
KC DESI SPRINKLE,0003106,S,2377.5,1800.0,1585.0,1700.0,4.0
KC DESI VIBES,0002857,S,1545.0,1350.0,1030.0,1150.0,1.0
KC Dhak Dhak,000462,S,1620.0,1500.0,1080.0,1215.0,0.0
Kc Dhamaaal Ride,0003320,SHADED PLAZO,2512.5,1900.0,1675.0,1775.0,3.0
KC DHANA DHAN,000463,S,547.0,500.0,364.66666670000001,410.25,0.0
KC DHOL DHAMAKA,0002961,S,1875.0,1600.0,1250.0,1325.0,4.0
KC DHOL NAGADE,000464,T,1935.0,1850.0,1290.0,1451.25,0.0
KC Dhoom Machale,001678,G,3127.5,2800.0,2085.0,2345.625,0.0
KC DIGITAL LOOK,0002552,S,1687.5,1500.0,1125.0,1220.0,0.0
Kc Dil Afreen,0003327,S,1132.5,900.0,755.0,855.0,4.0
KC Dil Befikre,001716,P,3240.0,2900.0,2160.0,2430.0,0.0
Kc Dil Connection,0003329,S,1132.5,900.0,755.0,855.0,4.0
KC DIL DHADAKNE DO,001526,S,1987.0,1800.0,1324.6700000000001,1490.25,1.0
KC Dil Diwana,000465,S,2020.0,1700.0,1346.666667,1515.0,0.0
KC Dil e Dastoor,000466,P,2145.0,2050.0,1430.0,1608.75,0.0
KC DIL E GULZAR,000467,T,2332.0,1700.0,1554.6700000000001,1600.0,-3.0
KC DIL JANIYA,000468,P,2850.0,2750.0,1900.0,2137.5,0.0
KC DIL KE ISHARE,001527,S,1792.0,1350.0,1194.6700000000001,1344.0,1.0
KC Dil ki Khwahish,000469,S,667.0,600.0,444.66666670000001,500.25,0.0
KC DIL PASAND,0002836,T,1942.5,1750.0,1295.0,1390.0,2.0
KC DILARA,000470,S,825.0,660.0,550.0,618.75,0.0
KC Dilawar,000471,S,2065.0,1850.0,1376.666667,1548.75,0.0
KC Dilchaspi,000472,S,1500.0,1350.0,1000.0,1125.0,0.0
KC Dilwar,000473,S,2065.0,1850.0,1376.666667,1548.75,0.0
KC DISCO FEVER,0002790,S,2227.5,1900.0,1485.0,1590.0,3.0
Kc Display,0002412,T,1987.5,1600.0,1325.0,1400.0,1.0
KC DJ MASTI,0002835,T,2055.0,1700.0,1370.0,1500.0,1.0
KC Dollars,000474,S,1165.0,1000.0,776.66666669999995,873.75,0.0
Kc Dolphin,002301,T,1923.0,1700.0,1282.0,1400.0,0.0
KC DOLPHINE,000475,S,1267.0,1150.0,844.66666669999995,950.25,0.0
Kc Dosti Fm,0002497,P,3127.5,2670.0,2085.0,2300.0,0.0
KC Dosti Yaari,001679,P,2925.0,2600.0,1950.0,2193.75,1.0
KC Dosti Yari,001860,P,2925.0,2600.0,1950.0,2193.75,0.0
KC DREAM TONE,0003061,P,2812.5,2350.0,1875.0,1950.0,2.0
KC Dulari,000476,S,1720.0,1450.0,1146.666667,1290.0,0.0
KC DUR E FISHAN,000477,S,0.0,1550.0,0.0,0.0,0.0
KC Duracell,000478,S,1690.0,1250.0,1126.6700000000001,1267.5,0.0
KC EASY FIT,0002933,P,2850.0,2400.0,1900.0,2100.0,4.0
KC EASY LOOK,0002895,P,3135.0,2400.0,2090.0,2350.0,0.0
KC EID MUBARAK,0003341,T,2242.5,1700.0,1495.0,1595.0,4.0
KC EID OUTFIT,0003344,P,2542.5,2000.0,1695.0,1795.0,4.0
KC Eimaan,000479,S,1700.0,1500.0,1133.333333,1275.0,0.0
KC Ek Taara,000480,S,1522.0,1350.0,1014.666667,1141.5,0.0
KC EK TARFA,0002829,S,2257.5,2000.0,1505.0,1650.0,4.0
KC ELANZA,0002843,P,2542.5,2000.0,1695.0,1900.0,4.0
KC Election,000481,S,1220.0,1220.0,813.33333330000005,915.0,0.0
KC Emoji,002302,S,727.5,650.0,485.0,550.0,0.0
KC Enfield,001861,S,1492.5,1350.0,995.0,1119.375,0.0
KC ENJOY LIFE,0003267,T,2197.5,1700.0,1465.0,1550.0,4.0
KC Eva Belen,000482,S,1145.0,1050.0,763.33333330000005,858.75,0.0
KC Eva Rehu,000483,S,985.0,900.0,656.66666669999995,738.75,0.0
KC Evening,000484,S,1850.0,1660.0,1233.333333,1387.5,0.0
KC Everyday,000485,S,1735.0,1550.0,1156.666667,1301.25,0.0
KC EXPRESS POINT,0002819,CS,1020.0,900.0,680.0,755.0,3.0
KC Faabis,000486,P,2970.0,2650.0,1980.0,2227.5,0.0
KC Faaiz,000487,S,1935.0,1650.0,1290.0,1451.25,0.0
KC Fabis,000488,S,3075.0,2550.0,2050.0,2306.25,0.0
KC Face Time,000489,S,2017.0,1800.0,1344.666667,1512.75,0.0
KC FACETIME,001528,S,2017.0,1800.0,1344.666667,1512.75,0.0
KC Fahar,000490,S,2032.0,1450.0,1355.0,1450.0,2.0
KC FALISHA,000491,S,1972.0,1750.0,1314.666667,1479.0,0.0
KC FAME BERRY,0002686,S,1687.5,1450.0,1125.0,1225.0,4.0
KC FARAANA,0002901,Gown,3675.0,2900.0,2450.0,2650.0,0.0
KC FARIDA,000492,S,1687.5,1500.0,1125.0,1225.0,1.0
KC FARIS,002280,P,3052.5,2300.0,2035.0,2290.0,4.0
KC Farmaish,000493,S,1522.0,1350.0,1014.666667,1141.5,0.0
KC Farrey,000494,S,1620.0,1350.0,1080.0,1215.0,0.0
KC FARZAM,000495,S,1792.0,1450.0,1194.6700000000001,1344.0,1.0
KC Farzanab,000496,S,0.0,1650.0,0.0,0.0,0.0
KC FASHION ROCK,0002572,S,2370.0,1800.0,1580.0,1670.0,0.0
KC Favourite,002037,P,2767.5,2500.0,1845.0,2075.625,0.0
KC Fawwaz,000497,T,2250.0,2050.0,1500.0,1687.5,0.0
KC Fazail,000498,S,1990.0,1650.0,1326.666667,1492.5,0.0
KC Ferika,000499,S,2100.0,1850.0,1400.0,1575.0,0.0
KC Feriya,000500,S,2085.0,1800.0,1390.0,1563.75,0.0
KC Fidaa Tujhpe,000501,S,1222.0,1100.0,814.66666669999995,916.5,0.0
KC FILMI SWAG,0002830,S,2070.0,1650.0,1380.0,1550.0,1.0
KC FINGERPRINT,0002957,S,1800.0,1600.0,1200.0,1300.0,4.0
KC FIRE BOULT,001499,S,1807.5,1650.0,1205.0,1355.625,4.0
KC Fire Fighter,002303,T,1935.0,1750.0,1290.0,1400.0,0.0
KC FIRE PATIYAL,0002870,S,2325.0,2000.0,1550.0,1740.0,4.0
KC FIRE QUEEN,0002834,T,1875.0,1450.0,1250.0,1350.0,4.0
KC FIRE RUNNER,0002858,P,3097.5,2750.0,2065.0,2250.0,2.0
KC Firooz,000502,S,2140.0,1950.0,1426.666667,1605.0,0.0
KC firoz,000503,S,2140.0,1950.0,1426.666667,1605.0,0.0
KC FIRST CHOICE,000504,S,2017.0,1800.0,1344.666667,1512.75,0.0
KC FIRST LOVE,0003105,P,2467.0,1900.0,1645.0,1780.0,4.0
KC FIRST RAY,0002864,P,2685.0,2400.0,1790.0,1950.0,4.0
KC FIZZORA,0002905,S,1830.0,1450.0,1220.0,1350.0,2.0
KC FIZZY POP,0002743,CS,952.5,850.0,635.0,700.0,1.0
KC FLAME BERRY,0002544,S,1687.5,1450.0,1125.0,1200.0,0.0
KC FLAMINGO,0002437,S,1687.5,1450.0,1125.0,1200.0,0.0
Kc Flashy Fiza,0003215,P,2625.0,2100.0,1750.0,1850.0,1.0
KC FLAVOR HUB,0002908,S,1290.0,1150.0,860.0,960.0,0.0
KC FLORY BAND,0002953,S,1800.0,1600.0,1200.0,1325.0,3.0
KC Flower Bucket,000505,S,795.0,570.0,530.0,596.25,2.0
KC FLY FIGHTER,0003306,S,1642.5,1300.0,1095.0,1195.0,4.0
KC FLY ZONE,0003082,P,3528.0,2300.0,1960.0,2200.0,2.0
KC FLYING RANI,0002959,S,2190.0,1700.0,1460.0,1550.0,0.0
KC FOIL BALL,002329,T,1792.5,1350.0,1195.0,1350.0,3.0
Kc Food Mood,0003176,T,1952.5,1550.0,1295.0,1450.0,4.0
Kc Foodie GirL,0003315,SHARARA,2467.5,1850.0,1645.0,1750.0,4.0
KC FOODY MOODY,0002704,P,2850.0,2400.0,1900.0,2125.0,0.0
KC FREE FLOW,0002877,S,1800.0,1600.0,1200.0,1350.0,2.0
KC FREE START,0002633,P,2385.0,1850.0,1590.0,1700.0,1.0
KC FRESH WATER,0003358,P,2182.5,1750.0,1455.0,1550.0,4.0
KC FULL EPISODE,002211,S,1792.5,1400.0,1195.0,1250.0,8.0
KC FULL MASTI,0002869,S,2032.5,1800.0,1355.0,1500.0,1.0
KC FULL TASHAN,0003027,S,1830.0,1530.0,1220.0,1470.0,3.0
KC Fulzar,000506,S,1350.0,1200.0,900.0,1012.5,0.0
KC FUN BEGINS,001529,S,1987.0,1800.0,1324.6700000000001,1490.25,0.0
KC FUN CRUST,0003037,P,2580.0,2050.0,1720.0,1850.0,4.0
KC FUN FAIR,0003268,P,2227.5,1750.0,1485.0,1580.0,4.0
Kc Fun World,002315,CS,735.0,650.0,490.0,550.0,0.0
KC Funny Jokes,001640,G,2445.0,2200.0,1630.0,1833.75,0.0
Kc Funny Moments,002055,T,3500.0,2000.0,1960.0,2000.0,-1.0
KC FUNTASTIC,0003227,T,2197.5,1700.0,1465.0,1550.0,1.0
KC FUSION BITE,0002820,CS,1020.0,900.0,680.0,755.0,1.0
KC GABRU FIRE,0002787,S,2145.0,1800.0,1430.0,1550.0,0.0
KC Gamila,000507,S,1635.0,1400.0,1090.0,1226.25,0.0
KC GAPPE SHAPPE,0002904,S,1942.5,1750.0,1295.0,1430.0,4.0
KC GAPSHAP ZONE,0002951,S,2160.0,1900.0,1440.0,1580.0,4.0
KC GARHANA (WITH PURSE),0002767,P,3675.0,3300.0,2450.0,2650.0,4.0
KC Gazir,000508,S,2325.0,2150.0,1550.0,1743.75,0.0
KC GEMINI,002212,T,1860.0,1650.0,1240.0,1350.0,2.0
KC Genda Fool,000509,S,889.0,800.0,592.66666669999995,666.75,0.0
KC Genelia,000510,S,1613.0,1450.0,1075.333333,1209.75,0.0
Kc Gift Card,0003311,T,1972.5,1500.0,1315.0,1415.0,4.0
KC GIGGLE BOX,0002894,P,3210.0,2550.0,2140.0,2350.0,1.0
KC GLOBE,000511,S,1267.0,1150.0,844.66666669999995,950.25,0.0
KC GLOSSY GRACE,0002541,S,1875.0,1550.0,1250.0,1325.0,4.0
KC GLOW ZONE,0002792,S,2227.5,1850.0,1485.0,1590.0,3.0
KC GOLDEN BEATS,0002789,S,2227.5,1750.0,1485.0,1590.0,4.0
KC GOLDEN CRUNCH,0002913,P,3120.0,2800.0,2080.0,2300.0,1.0
KC GOLDEN CUP,0002425,S,1035.0,900.0,690.0,740.0,0.0
Kc Golden Gate,002304,S,1590.0,1400.0,1060.0,1200.0,0.0
KC GOLDEN LAMHE,0002872,P,3210.0,2750.0,2140.0,2340.0,0.0
KC GOLDEN LOTUS,0003290,S,1545.0,1250.0,1030.0,1130.0,4.0
KC GOLDEN MELODY,0002992,P,2850.0,2570.0,1900.0,2140.0,0.0
KC GOLDEN SUNSET,0003351,S,1642.5,1400.0,1095.0,1200.0,2.0
KC GOLDEN VOICE,0002529,S,1162.5,1000.0,775.0,850.0,4.0
KC Good Luck,002030,CD,712.5,650.0,475.0,534.38,5.0
KC GOODNESS,0003220,S,1207.5,970.0,805.0,860.0,4.0
KC GOOGLE GEMINI,0002839,P,2685.0,2200.0,1790.0,1900.0,3.0
Kc Google Pay,0002681,S,1545.0,1350.0,1030.0,1110.0,2.0
KC GORA MUKHDA,001530,S,1702.0,1550.0,1134.6700000000001,1276.5,0.0
KC GRACEFULL,0002440,S,1492.5,1350.0,995.0,1100.0,0.0
Kc Grand Walk,0002410,T,2212.5,1850.0,1475.0,1550.0,1.0
KC GRILL STONE,0003028,S,1680.0,1400.0,1120.0,1340.0,1.0
KC GUL BAHAR,000512,S,1380.0,1150.0,920.0,1035.0,0.0
KC GULAABI KHWAAB,0002871,S,2325.0,2000.0,1550.0,1740.0,4.0
KC Gulab E Nawabi,0002389,S,1522.5,1400.0,1015.0,1150.0,2.0
KC GULABI SMILE,0003348,SHADED PLAZO,3517.5,2650.0,2345.0,2550.0,-1.0
Kc Gulbahar Grace,0003228,P,2925.0,2250.0,1950.0,2050.0,3.0
KC GULFARA BEGUM,0002845,S,1800.0,1600.0,1200.0,1300.0,3.0
Kc Gulnaar Glow,0003212,P,2525.0,2000.0,1750.0,1850.0,2.0
KC GULRANIG,0002752,S,1860.0,1650.0,1240.0,1360.0,4.0
KC GULSANA,0002585,T,2370.0,1850.0,1580.0,1675.0,3.0
KC GULZAR E DIL (WITH PURSE),0002768,P,3547.5,2700.0,2365.0,2550.0,0.0
KC Gumnam,000513,S,2925.0,2659.0,1950.0,2193.75,0.0
KC Gurbaz,000514,S,1650.0,1450.0,1100.0,1237.5,0.0
KC Gurnazar,001598,S,1792.0,1350.0,1194.6700000000001,1300.0,1.0
KC GUZARISH,000515,S,2047.0,1850.0,1364.666667,1535.25,0.0
KC HAJRAH,000516,S,877.0,700.0,584.66999999999996,657.75,-2.0
KC Hamdard,000517,G,2235.0,2010.0,1490.0,1676.25,0.0
KC Hamish,001717,S,1477.5,1300.0,985.0,1108.125,0.0
KC HAPPY CONE,0002430,S,2317.5,1750.0,1545.0,1640.0,0.0
KC HAPPY DENT,0002817,S,1192.5,1050.0,795.0,900.0,2.0
KC HAPPY GANG,0003316,SHARARA,2467.5,1850.0,1645.0,1750.0,4.0
KC HAPPY LIFE,0002542,S,1687.5,1450.0,1125.0,1200.0,3.0
KC HAPPY POINT,0002650,P,2985.0,2650.0,1990.0,2100.0,2.0
KC HAPPY RAINBOW,0003100,P,3951.0,2500.0,2195.0,2400.0,-1.0
KC HARD ROCK,0003342,SHADED PLAZO,2692.5,2150.0,1795.0,1895.0,4.0
KC Harlyn,000518,S,1270.0,1050.0,846.66666669999995,952.5,0.0
KC Harry Potter,001914,S,1935.0,1450.0,1290.0,1451.25,0.0
KC HASEEN WADI,0003108,P,2542.0,2000.0,1695.0,1800.0,0.0
KC hasiba,000519,S,2140.0,1950.0,1426.666667,1605.0,0.0
KC Hasina-e-Jahan,000520,S,2235.0,2010.0,1490.0,1676.25,0.0
Kc Hasmukh,0003179,P,2505.0,1900.0,1670.0,1800.0,3.0
KC Hats Off,002031,CD,712.5,650.0,475.0,534.38,6.0
KC Haule Haule,001680,P,3510.0,3150.0,2340.0,2632.5,0.0
KC HAWAIN,000521,S,1620.0,1650.0,1080.0,1215.0,0.0
KC Hazim,000522,S,2250.0,2050.0,1500.0,1687.5,0.0
KC Heart Beat,001718,S,2235.0,2000.0,1490.0,1676.25,0.0
KC Heena,001862,S,1845.0,1650.0,1230.0,1383.75,0.0
KC HEER MAHEL (WITH PURSE),0002769,P,3577.5,2650.0,2385.0,2550.0,2.0
KC Hero Hindustani,001719,P,3225.0,2900.0,2150.0,2418.75,1.0
KC Hidaya,000523,S,1492.0,1200.0,994.66999999999996,1119.0,3.0
Kc High FlyeR,0003175,P,2850.0,2250.0,1900.0,2050.0,0.0
Kc High Power,002316,CS,952.5,850.0,635.0,715.0,0.0
Kc High Speed,0002411,T,1987.5,1650.0,1325.0,1400.0,0.0
KC Hirika,000524,S,2100.0,1750.0,1400.0,1575.0,0.0
KC Hollywood Hungama,000525,S,2980.0,2550.0,1986.666667,2235.0,0.0
KC Hollywood style,000526,S,2985.0,2550.0,1990.0,2238.75,0.0
KC HONEY BAR,0002879,S,2032.5,1800.0,1355.0,1470.0,4.0
KC HONEY BELLE,0003349,Suite,1575.0,1250.0,1050.0,1150.0,4.0
KC HONEY BITES (WITH PURSE),0002691,P,3247.5,2900.0,2165.0,2260.0,0.0
KC Hooriya,000527,S,855.0,750.0,570.0,641.25,0.0
KC HUBOOR,002213,S,877.5,800.0,585.0,615.0,0.0
KC HUL CHAL,0002838,T,2197.5,1950.0,1465.0,1570.0,1.0
KC Humdum,000528,S,1522.0,1350.0,1014.67,1141.5,0.0
KC Hungama,000529,S,2985.0,2550.0,1990.0,2238.75,0.0
KC HUNTER,002281,P,1987.5,1500.0,1325.0,1400.0,1.0
Kc Husn Pari,000530,G,2955.0,2650.0,1970.0,2216.25,0.0
KC Husna,000531,S,1825.0,1450.0,1216.666667,1368.75,0.0
KC Hussna,000532,S,1825.0,1450.0,1216.666667,1368.75,0.0
KC HUZAIRA,001531,S,2062.0,1850.0,1374.666667,1546.5,0.0
KC HYBRID,002253,S,1350.0,1200.0,900.0,1000.0,0.0
KC Ibrar,000533,G,2325.0,2150.0,1550.0,1743.75,0.0
KC ICON WEAR,0002436,S,1687.5,1450.0,1125.0,1180.0,3.0
Kc Ied Ki Mehndi,0003317,SHADED PLAZO,2385.0,1870.0,1590.0,1690.0,3.0
KC IMAGICA,000534,S,1267.0,1150.0,844.66666669999995,950.25,0.0
KC Imroz,000535,S,1650.0,0.0,1100.0,1237.5,0.0
KC Indori Bhel,001863,S,1462.5,1300.0,975.0,1096.875,0.0
KC INSTA QUEEN,0003090,P,3771.0,2450.0,2095.0,2250.0,0.0
Kc Ipl History,0003326,T,2625.0,2100.0,1750.0,1850.0,4.0
KC Ishq Deewangi,000536,S,637.0,550.0,424.66666670000001,477.75,0.0
KC ISHQ DI BAAJIYAN,000537,P,2850.0,2750.0,1900.0,2137.5,0.0
Kc Ishq Express,002172,T,1113.0,1000.0,742.0,830.0,4.0
KC Ishq Junoon,001599,S,1702.0,1500.0,1134.6700000000001,1276.5,3.0
KC ISHQ KHUDA,000538,S,1380.0,1250.0,920.0,1035.0,0.0
KC ISHQ MEETHA,001532,S,2100.0,1900.0,1400.0,1575.0,0.0
KC ISHQ MOHABBAT,0003048,T,2131.5,1700.0,1421.0,1600.0,4.0
KC ISHQ NATION,0002997,P,2685.0,2000.0,1790.0,2020.0,3.0
KC ISHQ STEPS,0002833,T,2085.0,1650.0,1390.0,1525.0,0.0
KC Ishq Vishq,001641,S,2062.0,1850.0,1374.6700000000001,1546.5,0.0
KC ISHQ WAFA,0002556,S,1717.5,1500.0,1145.0,1230.0,0.0
KC Istabraq,000539,S,1850.0,1690.0,1233.333333,1387.5